country,1970,1971,1972,1973,1974,1975,1976,1977,1978,1979,1980,1981,1982,1983,1984,1985,1986,1987,1988,1989,1990,1991,1992,1993,1994,1995,1996,1997,1998,1999,2000,2001,2002,2003,2004,2005,2006,2007,2008,2009,2010,2011,2012,2013,2014,2015,2016,2017,2018,2019,2020,2021,2022,2023
Aruba,,,,,,,,,,,,,,,,,,,,,,,,,,,,,,123,59,1,25,56,48,23,,,6,154,80,,,,,,,,,,,,,
Afghanistan,,,,,1.3M,,,,,,,,,,,,,,,,,,,1.43M,,,,,,,,,,,,,,,,,,,,,,,,,,,,,,
Angola,,,,,,,,,,,,,494k,546k,,,,,,,,,,,,,,,959k,,,,,,,,,,456k,514k,511k,550k,,,,,,,,,,,,
Albania,,,,,,,,,,,,,,,,,,,,,,,,,,,,,,4360,4110,3630,,4550,2810,,,,434,1060,259,334,405,666,,,1860,2720,2620,3380,5480,10k,14.8k,
Andorra,,,,,,,,,,,,,,,,,,,,,,,,,,,,,,,,,,,,,,,,,2700,2720,2600,2520,373,390,357,345,342,367,427,372,322,
UAE,,,,,,,,,14.1k,,20.7k,27.2k,21.7k,28.7k,32.9k,39k,44k,32.5k,30.4k,23.5k,16.1k,13.3k,18.2k,24.8k,27.7k,24.8k,31.6k,38.8k,26k,,,,17.6k,17.8k,22.6k,22.5k,22.2k,25.7k,,46.6k,39.2k,30.8k,12.7k,6080,,,,5880,,9580,4010,,,
Argentina,157k,,,,119k,144k,,,,,,,,,,,,109k,,,,164k,,,,,,0,,33k,20.9k,23.2k,23.3k,20.7k,4900,12k,18.9k,24k,20.9k,19.9k,2750,4890,6070,15.8k,32.5k,36.8k,21.8k,24.9k,27.5k,26.7k,36k,34.7k,,
Armenia,,,,,,,,,,,,,,,,,,,,,,,,,,,,,,,,,29.4k,23.1k,,17.3k,14.7k,10.9k,,,,9540,8540,3590,2740,525,950,1380,1480,5470,8330,13.3k,15.6k,
Antigua and Barbuda,,,,,,,,,,,,,,,,,,,,,,,,,,,,,,,,,,,,,,43,37,154,320,128,39,312,37,80,111,128,84,23.1,,,,
Australia,,38.6k,,59.3k,60.2k,21.7k,15.2k,2830,1200,8300,18.7k,22.5k,30.3k,34.5k,49.4k,48.5k,42.8k,39.2k,33.4k,31k,29k,32.6k,37.1k,42.6k,44.4k,81.1k,77.4k,84k,79.5k,81k,88.3k,8980,6250,26k,21k,10.7k,9020,4900,5590,5770,6180,52.5k,45.4k,971,1480,592,168,1270,4290,4840,13.2k,8350,6720,
Austria,,49.4k,49.5k,52.5k,53.8k,52.1k,52.5k,,,,,,,,,,,,,42.5k,,,,,,,,,,4620,7720,6620,7190,7430,5520,5680,6800,5220,4630,4640,4230,6680,6280,4810,4200,4350,6550,4410,4210,4150,3980,3230,5780,
Azerbaijan,,,,,,,,,,,,,,,,,,,,,,,,,,,,,,,61.2k,79.1k,79.9k,88.7k,78.1k,77.4k,73.3k,71.3k,70.4k,61.7k,64.1k,50k,38.5k,8540,3640,5980,4340,12.2k,24.8k,55.7k,54.3k,52.9k,27.4k,
Burundi,,,,464k,,,,,547k,,566k,567k,555k,527k,506k,487k,479k,459k,455k,,,,,556k,,,,,,,657k,562k,543k,509k,495k,452k,237k,144k,51.3k,83.3k,37.6k,30.7k,50.1k,140k,97k,141k,178k,271k,342k,389k,392k,432k,457k,
Belgium,,,,,,,,24.6k,,19.2k,14.2k,20.2k,13k,31.7k,32.1k,35.4k,31.2k,31.7k,35.1k,,,35.1k,37k,11.9k,10.4k,8980,8350,,,9440,7830,870,654,873,4280,3940,5450,6620,7840,8790,9270,15.3k,13.8k,13.4k,13.7k,14.2k,15k,11k,10.7k,10.9k,9920,11.8k,,
Benin,,,,,,,,,,,,,,,360k,364k,390k,,423k,435k,529k,,484k,462k,467k,455k,446k,423k,,,,,,235k,199k,255k,223k,,169k,84.5k,74k,76.4k,67.3k,64.9k,60.5k,,55.4k,55.3k,108k,199k,216k,163k,115k,
Burkina Faso,,757k,774k,,,,,856k,872k,887k,901k,916k,926k,942k,959k,971k,987k,1.01M,1.04M,1.08M,,1.14M,1.17M,1.2M,1.22M,1.23M,,,1.27M,1.28M,1.28M,1.29M,1.33M,1.32M,1.3M,1.23M,1.18M,1.09M,977k,931k,1.08M,993k,1M,1.01M,1.02M,1.02M,886k,889k,848k,922k,1.05M,1.09M,1.24M,
Bangladesh,4.95M,,,3.09M,,,2.71M,3.38M,3.66M,,,4.61M,,5.07M,5.28M,5.56M,5.77M,6.01M,4.68M,4.85M,4.57M,,,,,,,,,,,,,,,548k,589k,,1.44M,1.39M,1.39M,,,,,,,407k,72.1k,,,,,
Bulgaria,,,,,,,,,,,,,,,,,,,,,,,,,,,29.6k,24.2k,10.9k,8250,4460,5570,1170,1120,1120,309,412,179,168,2680,2170,3740,6300,7520,7280,8860,12.3k,16.5k,20.1k,26.5k,32.7k,36.3k,,
Bahrain,,11.9k,12.5k,12.9k,12.4k,10.3k,10.1k,8950,9230,9290,9900,12.4k,14.7k,14.3k,12.7k,10.2k,7130,6800,4850,4850,,7830,12.4k,13.2k,13.5k,12.3k,11.7k,11.7k,9380,8050,9700,9290,9380,10.1k,9250,9010,4170,,,,,6100,2640,232,434,419,445,599,1880,2800,,,10.1k,
Bahamas,,337,972,2650,2540,1920,1410,709,,,551,,,,465,,,,,,,,3400,3380,2790,,,,,8530,,,,,7480,6010,6800,6100,6500,8110,8890,5540,7500,,,,,,,,,,,
Bosnia and Herzegovina,,,,,,,,,,,,,,,,,,,,,,,,,,,,,,,,,,,,,,,,21.5k,21k,20k,22k,21.5k,20.9k,20.3k,17.7k,15.6k,17.1k,,22.3k,23.6k,24.3k,
Belarus,,,,,,,,,,,,,,,,,,,,,,,,,,101k,,,,,,0,9730,8040,12k,11.3k,8990,7460,5660,5760,5610,5940,14.1k,18.8k,20.2k,18.5k,17.7k,18.7k,22.2k,26.9k,28.4k,28.4k,28.7k,
Belize,,,,,,,,,,,,,,,,,,,,,,,,,,,,,,446,583,788,,571,556,91,218,553,662,839,774,765,253,28,237,175,224,104,193,420,255,2670,4350,
Bermuda,,,,,,,,,851,946,,,,,173,117,,,,,,,,,,,,,,,,,,,,,,,,,,67,27,,,,,,,,,,,
Bolivia,,,,,,,,,,,,,,,,,,,,,,,,,,,,,6040,396,1030,3130,3120,5280,8520,7180,6970,6470,3620,19.6k,58.4k,93.3k,136k,148k,156k,156k,146k,125k,102k,84.5k,71.2k,58.7k,47.7k,
Brazil,3.16M,,,,,,,,,,,,,,,,,,,,,,,,,,,,,541k,,,,,,,,,,,,,896k,602k,600k,659k,631k,619k,709k,613k,658k,768k,,
Barbados,,4630,3570,3060,,,1150,36,,,,,,,,,,,,916,1190,,2520,,,,,,,226,275,213,322,306,241,803,468,369,310,662,375,407,,,1080,810,472,923,683,465,536,841,1270,
Brunei,,,,,,,,2450,1830,3940,3560,4400,4930,4630,4360,,4080,,,,,5420,6470,7270,8400,7570,,,,,,,,,,12,186,109,162,45,213,534,75,212,74.5,259,94,195,362,1680,1000,,,
Bhutan,,,,,,,,,44.9k,44.9k,,,,,,,,,,,,,,,,,,,42.2k,41.8k,40.9k,39.7k,,,,30.5k,24.9k,,17k,11.7k,9430,9040,7970,9570,,11k,11.3k,11.1k,8780,,4980,3530,4230,
Botswana,61.7k,66.5k,67k,68.4k,65.2k,57.8k,52.9k,47.5k,47.1k,45.2k,38.8k,31.6k,,26.5k,27.8k,25.7k,26.2k,27k,28.7k,29.9k,33.5k,28.7k,31.8k,35.1k,38k,67.5k,67.2k,,60.1k,63k,60.8k,56.6k,56k,54.5k,50.5k,48.4k,45.2k,48.6k,51.1k,51.8k,,,47.1k,49.9k,52.7k,,,,,,,71.4k,,
Central African Republic,,185k,183k,183k,,,,219k,219k,,,196k,184k,173k,,,158k,203k,217k,224k,197k,230k,,,,,,,,,,,,,,407k,415k,371k,316k,320k,312k,340k,330k,,,,,141k,,,,,,
Canada,,,,,,,,,,,,,101k,96.5k,99.3k,102k,105k,112k,116k,116k,124k,70k,67.6k,96.8k,99.3k,124k,114k,,55.6k,32k,14.5k,,,,,,,,,,,,12.3k,14.4k,11.3k,6730,34.2k,29.3k,23.8k,54.5k,56.2k,91.9k,,
Switzerland,,,,,,,,136k,122k,,,105k,102k,101k,99.1k,96.5k,93.1k,90.2k,87.7k,85.5k,83.4k,82.6k,80.9k,84.7k,87.5k,55.1k,47.4k,,,1890,3120,3390,924,1200,692,,,,,1850,1680,4580,6520,212,59,157,425,629,661,542,713,1240,1400,
Chile,,,,,,,,,,,,,,,,,,,,,,,,,,,,,,,,,,,,,,52.8k,50.2k,73.4k,49.9k,52.8k,49.4k,48.4k,42.6k,39.6k,36.5k,34.4k,28.9k,24.7k,35.2k,33.6k,19.9k,
China,,,,,,,,,,,,,,,,,,3.83M,2.83M,5.04M,8.74M,9.74M,11.1M,11.5M,11.8M,10.5M,9.64M,8.24M,,,,,,,,,,,,,,,,,,,,,,,,,,
Cote d'Ivoire,,,,,,,,606k,,,,,,,,,,,,,,1.17M,1.17M,,,,1.09M,1.1M,,1.17M,1.27M,1.23M,1.27M,1.42M,,,,,,1.62M,,,,1.29M,1.16M,1.07M,731k,704k,532k,488k,421k,462k,439k,256k
Cameroon,,374k,399k,431k,470k,412k,411k,439k,434k,433k,442k,,,,,,,,457k,,507k,562k,,,,,,,,,,,,,,,,,424k,352k,,330k,198k,,188k,179k,193k,265k,696k,358k,193k,192k,176k,
"Congo, Dem. Rep.",,974k,1.07M,,,1.13M,,,,1.19M,,,,1.22M,1.21M,,,,1.99M,,,2.42M,2.6M,2.73M,2.75M,2.34M,,,,5.07M,,,,,,,,,,,,,,,,,,,,,,,,
"Congo, Rep.",,,54.4k,,43.1k,,40.1k,,30.7k,28.8k,50.6k,52k,48.2k,44.8k,39k,,,,,,,,,,,,,,,,,,,,,278k,263k,,,,91.3k,,81.5k,,,393k,,,188k,,,,,
Colombia,,,,,,,,,,,,,876k,,922k,965k,1.06M,1.06M,1.1M,1.14M,,1.07M,767k,756k,743k,635k,453k,,91.6k,19.8k,0,0,0,,17.8k,13.9k,7350,3590,8400,9430,11k,4330,68.2k,,,132k,201k,156k,181k,194k,238k,275k,289k,
Comoros,,,,,,,,,,,,,,12.8k,,,16.5k,21.8k,,,,,,,28.9k,,,,,39.4k,34.4k,,,,,,,28.3k,,,,,,9280,9420,,,10.8k,14.8k,,,,,
Cape Verde,,,,,,,,,,,,9760,11.4k,13.6k,11k,10.1k,10k,10k,7980,,7910,,,,6750,,,,1380,,2270,3420,3670,4130,5700,5600,5560,6350,6440,6220,5660,6070,5530,5830,6050,6360,7000,7460,7340,7290,7770,6910,,
Costa Rica,42.5k,,35.2k,31.9k,,32.4k,25.8k,,31.5k,37.7k,39.5k,41.1k,48k,,,54.3k,51.5k,52.2k,,56k,59.5k,60.3k,54.5k,54.3k,59.1k,53.4k,41.5k,,,,,,,,,,,,,,,1610,6720,13.5k,22.8k,26.2k,25k,30.8k,16.7k,13.1k,17.9k,20.9k,21.2k,
Cuba,,,78.7k,40.4k,30.1k,,,,,50.9k,47.2k,58.1k,46k,24.9k,30.2k,45.9k,45.7k,34k,28.5k,32.9k,38.3k,38.2k,26.5k,30.9k,28.4k,32.3k,7750,4870,5470,4140,2230,678,1690,3670,5080,7220,11.3k,5430,13.5k,10.2k,13.4k,20.2k,17.5k,5060,17.3k,20.1k,19.5k,21.6k,21.1k,19.3k,16k,16.3k,32.9k,
Cayman Islands,,,,,,,,,,,,,,,,,,,,,,,,,,,,,,171,55,50,38,,128,340,193,41,185,,,78,10,93,131,384,267,221,181,269,371,727,696,
Cyprus,,,,,,,,,,,,,,,,,,,,,,,,,,,,,,,1280,1350,724,664,837,605,189,276,17,68,19,82,710,973,1220,758,961,754,329,295,241,39,,
Czech Republic,,,,,,,,,,,,,,,,,,,,,,,,,,,,,,3510,,,,,,,,138,2620,2530,4720,6380,2120,4850,8740,11.7k,14.4k,17.2k,12.3k,10.9k,8740,8680,,
Germany,,,,,,,,,,,,,,,,,,,,,,,,,,,,,,239,3110,16.2k,73.2k,67.8k,63.2k,55.1k,61.4k,51.1k,46.7k,48k,31.8k,17.1k,25.1k,25.4k,34.3k,24k,49.9k,31.4k,25.3k,28k,35.1k,43.9k,,
Djibouti,,,,,,,,,,,,,,,,48.3k,49.5k,52k,55.3k,58.7k,64.8k,74.4k,78.8k,72.3k,74.6k,72.3k,73k,75.2k,,78.8k,80.8k,80k,80.1k,,77.9k,77.2k,75k,72.9k,60.5k,64k,,60.2k,,61.4k,53.5k,59.3k,62k,59.1k,56.4k,50.5k,48.9k,47.7k,46.4k,
Dominica,,,,,,1250,1390,914,,1640,1910,2250,1710,,,,,,,,,,,,,,,,,,250,37,,2,39,10,176,674,736,275,,34,69,155,41,218,261,,,934,752,811,776,
Denmark,,,,,,,,,,,,3420,3170,3920,3670,2990,2630,1350,130,71,222,304,4690,9020,5570,8980,9840,,7430,3500,1240,1030,5,,10.3k,8240,4430,2110,2490,2000,2450,2260,1920,2300,2850,2900,3160,2630,1770,1850,1600,2080,2550,
Dominican Republic,,,223k,,,,,,,,,,,,,,,,,,,,,,,,,,,180k,150k,,69.4k,110k,173k,158k,171k,98.4k,142k,48.4k,54.4k,52.4k,64.9k,68.6k,88.3k,46k,49.2k,59.4k,64.1k,44.7k,45.3k,119k,86.7k,
Algeria,,,,820k,690k,595k,609k,689k,683k,701k,683k,689k,711k,720k,661k,629k,579k,539k,515k,522k,560k,547k,548k,590k,595k,568k,565k,519k,,289k,233k,129k,58.4k,38.9k,26.6k,19.8k,38.2k,55.8k,38.7k,31.3k,30.8k,23.6k,19.2k,13.7k,14.2k,12.4k,15.3k,9350,5210,5260,13.3k,8910,29.3k,46.5k
Ecuador,,248k,,258k,253k,265k,266k,231k,209k,172k,192k,,,,,,,,,,,,,,192k,183k,162k,115k,103k,102k,88.5k,63.2k,37.4k,32.2k,,47.1k,27.2k,14.2k,35.2k,15.2k,12.2k,14.5k,20.6k,18.3k,18k,16.7k,18.2k,19.5k,22.9k,25.9k,29.6k,56.9k,70k,
Egypt,,1.98M,2M,2.06M,,,,,2.13M,,,,,,,,,,,,,,,,1.34M,,,1.11M,,1.29M,1.21M,1.23M,1.23M,1.2M,1.11M,1.32M,1.59M,1.15M,,1.15M,1.07M,1.33M,1.09M,,1.12M,,775k,680k,556k,345k,174k,66.5k,,
Eritrea,,,,,,,,,,,,,,,,,,,,,,,170k,,166k,165k,164k,168k,,151k,131k,126k,110k,95.1k,99.6k,104k,119k,147k,168k,180k,189k,174k,164k,175k,178k,186k,,210k,211k,218k,,,,
Spain,,201k,153k,146k,,16.4k,2190,27.1k,32.8k,22.4k,27.1k,29.1k,,13.6k,5660,2680,1430,17.3k,2930,523,5140,5610,639,3140,3550,1260,4010,2150,,2470,516,576,1000,2050,1770,3430,4290,2320,14.4k,23.2k,48.2k,54k,64.1k,75.2k,82.1k,89.5k,87k,80.9k,72.9k,60.6k,53.2k,52.9k,,
Estonia,,,,,,,,,,,,,,,,,,,,,,,,,,18.3k,14.3k,,1610,1240,1140,,,,,,,,,,,,,,1930,2240,2090,2120,2140,2070,2020,1910,1610,
Ethiopia,,,,,,,,,,,,,,,,,,4.77M,4.93M,5.22M,,,,,7.05M,7.14M,7.09M,,7.08M,7.17M,7M,6.75M,6.7M,6.8M,6.62M,5.35M,4.81M,4.14M,3.39M,3.52M,3.91M,3.45M,3.38M,,2.7M,2.94M,,,,,,4.45M,4.33M,
Finland,,,84.1k,,,,,,,3270,,,,,,,,,,,,,,2450,2640,2550,2770,2010,2010,2690,3120,4440,4380,4040,3880,3870,4360,4270,4020,4360,4210,3910,4400,4680,4720,5720,5890,6700,6740,8300,7070,5090,7350,
Fiji,,,,,,,,,,,,,,,,,,,,,,,12.4k,,10.7k,12.4k,14.2k,13.1k,11.1k,10.4k,8080,5990,6350,9610,5920,,9240,11.4k,12.5k,12.9k,,12.5k,11.3k,12.9k,9770,7010,3580,2480,1900,,2170,,2910,
France,,44.9k,40.5k,29.1k,17.9k,,38.1k,91k,,66.1k,82.6k,88.9k,71k,66.6k,,62.2k,29.2k,31.6k,32.5k,30.1k,9280,108,358,1350,5170,4830,2810,3940,,4910,137k,139k,141k,149k,149k,3240,1140,5210,20.1k,36k,51.3k,9820,15k,23.6k,56.3k,21.5k,7010,2460,618,4880,1690,3960,1330,
"Micronesia, Fed. Sts.",,,,,,,,,,,,,,,,,,,,,,,,,,,,,,,,,,,,,,,,,,,,,1830,2530,1660,1760,683,1240,2350,2220,2200,
Gabon,,,,,,4960,,,,,,,,,,,,709,,,,,,,,,,27.3k,,,,,,,,,,,,,,,,,,,,,,76.3k,,,,
UK,,106k,99.3k,115k,131k,143k,141k,137k,135k,122k,51.5k,49k,57.7k,67.8k,91.3k,207k,235k,199k,181k,172k,155k,160k,162k,,,,,,405,3480,2360,2110,1180,1900,26.2k,3860,45.3k,101k,16.7k,31.5k,23.4k,46k,80.8k,82.8k,80.4k,86.8k,102k,107k,117k,123k,150k,1030,153k,
Georgia,,,,,,,,,,,,,,,,,,,,,,,,,,56.5k,52.8k,46k,,,,,,,3300,1060,792,6490,6280,5810,,4000,5560,5440,5250,3710,3940,3290,3080,2800,2010,1010,4380,7890
Ghana,,,,,,,,,,,,,,,,,,,,,,,,,,,,,,1.37M,1.11M,1.27M,1.14M,1.14M,,955k,891k,739k,582k,622k,,447k,534k,,721k,655k,791k,362k,427k,321k,566k,548k,,
Gibraltar,,,,,,,,,926,952,,948,855,,,,,,,,,,,,,,,,,,,,,,,,,,,,,,,,,,,,,,,,,
Guinea,,,,,,,,,,,,,,,613k,603k,634k,667k,675k,692k,717k,733k,,,,,,,740k,738k,727k,710k,630k,601k,574k,560k,538k,514k,536k,515k,464k,391k,404k,377k,316k,462k,367k,,304k,337k,283k,391k,,
Gambia,,66.2k,68.5k,69.7k,71.4k,72.9k,74.2k,70.9k,68.8k,68k,66.7k,62.3k,61.7k,61.7k,63.2k,63k,65.7k,,,,89.9k,,103k,103k,,,100k,,102k,85.2k,93.7k,95.6k,102k,95.2k,96.2k,104k,96k,94.8k,111k,,118k,126k,123k,129k,137k,123k,123k,118k,115k,105k,99.1k,103k,103k,105k
Guinea-Bissau,,,,,,,,,,,,81.8k,74k,,81.6k,83.5k,,97.5k,101k,,,,,,,,,,,,100k,,,,,,,,,,75.5k,,,,,,,,,,,,,
Equatorial Guinea,,,,,,,,,,,,,,,,,,,,,,,,,28.6k,,,,,,41.4k,40.2k,44.7k,48.1k,,,,,80.3k,80.8k,80.9k,79.7k,80.7k,,,109k,,,,,,,,
Greece,,9680,15.3k,19.5k,18.6k,19.8k,16.2k,18.1k,21.4k,28.2k,43k,38.3k,46.1k,42.9k,44.9k,44.8k,50.8k,69.8k,61.3k,65.5k,68.8k,67.6k,65k,59.2k,52.2k,38.9k,46.5k,39.2k,47,235,814,822,2380,1970,4990,3550,3260,3480,,,3750,8310,10.7k,8550,13.7k,14k,9130,12.5k,18k,18.2k,17.1k,15.8k,,
Grenada,,,2620,,,,,1630,1480,1330,1610,1950,2410,2310,1780,,,,,,,,,,,,,,,97,,,537,,225,1090,,388,146,,,138,,76.1,136,149,266,,1180,,,3080,,
Guatemala,457k,458k,464k,,482k,483k,,,478k,481k,468k,443k,490k,456k,,,,,,,,,,,,,,516k,,325k,288k,311k,248k,,159k,132k,106k,85.6k,83.6k,,,57.4k,117k,169k,213k,224k,246k,230k,209k,214k,212k,181k,179k,
Guyana,,20k,21k,,20.7k,,22k,11.4k,,9940,,,8700,,,,,,,,,6680,7860,8780,,7640,10.9k,,,,,,,9260,,,,,268,4050,391,214,393,,,,,,,,15.2k,15.8k,,
"Hong Kong, China",,94.2k,81.8k,77.1k,68.7k,61.3k,57.4k,52.4k,54.1k,51.3k,25.7k,22.2k,21.6k,20.5k,22.7k,26.1k,,,,,,,,,,35.2k,35.4k,,,,,19.8k,18k,9680,14.7k,9520,5600,7470,1800,1420,1210,915,960,1060,2430,2780,2270,740,441,246,2370,3590,3060,
Honduras,,,,,,,,,168k,153k,158k,,107k,103k,101k,,109k,,,,,144k,,135k,,,,,,,160k,,,117k,107k,161k,117k,188k,158k,184k,182k,188k,232k,,290k,285k,274k,258k,238k,235k,245k,279k,,
Croatia,,,,,,,,,,,,,,,,,,,,,,,,,,,,,32.9k,14.5k,,492,790,882,,1380,1540,1610,1970,3850,1690,1730,1700,2060,2330,2340,2900,2420,2520,3320,3140,3140,,
Haiti,,,,,,,,,,,534k,538k,504k,478k,521k,485k,476k,575k,,,,,,,,,,526k,,,,,,,,,,,,,,,,,,,,,,,,,,
Hungary,,,,,,,,,,,,,,,,,,,,,,,,,64.5k,66.1k,114k,61.6k,1470,2410,12.9k,8690,621,90,169,366,676,1740,3420,6370,8030,9220,6430,9630,13.8k,16.8k,19.8k,19.4k,17.2k,16.4k,15.8k,14k,,
Indonesia,,5.41M,5.43M,,5.87M,5.52M,5.02M,4.58M,3.14M,,,2.1M,832k,507k,438k,411k,568k,252k,468k,335k,810k,1.08M,1.25M,1.42M,1.11M,1.05M,1.31M,1.32M,,,,627k,689k,727k,911k,1.09M,646k,294k,331k,191k,121k,499k,76.9k,256k,653k,,1.36M,1.46M,1.96M,481k,760k,407k,346k,
India,,29.3M,,,,,,,,,,,,,,,,,,,24.1M,,,,,,,,,,20.7M,13.6M,15.8M,10M,,,,1.11M,478k,1.62M,1.06M,1.63M,1.54M,529k,,,5.01M,7.33M,7.72M,8.89M,4.87M,2.76M,181k,1.72M
Ireland,,22.1k,24.2k,22.4k,26.8k,28.9k,31k,33.1k,34.5k,37.7k,39.2k,40.5k,41k,40.4k,,,40.6k,42.4k,40.1k,38.2k,35k,33.2k,31.8k,29.3k,27.5k,26.4k,27k,,364,441,179,795,952,83,402,1140,526,806,354,128,981,621,294,376,197,263,64,159,10,773,238,4250,,
Iran,,1.92M,,,,,,,,,,,,,867k,898k,908k,942k,886k,901k,466k,,406k,,,,,345k,,1.04M,1.08M,,195k,156k,135k,101k,,24.2k,,23.2k,14.6k,17k,19.7k,,33.6k,37.8k,118k,66.3k,,77.6k,167k,,,
Iraq,,685k,719k,748k,753k,759k,601k,569k,544k,227k,164k,221k,,351k,,393k,345k,304k,264k,297k,,,,643k,,,912k,,,584k,705k,,,641k,697k,,,536k,,,,,,,,,,,,,,,,
Iceland,,,,,,,,281,,,,,,,,,,,,,,,,,159,,36,284,351,402,272,218,373,298,291,265,335,436,473,478,351,375,337,359,356,389,327,345,361,395,474,476,,
Israel,,,,,,,,,,,,,,,,,,,,,,,,,,,,,,5860,21.9k,28.4k,27.8k,32.9k,31.4k,34.1k,34.3k,33.3k,34.6k,17.9k,16.4k,15k,14.6k,16.6k,20.7k,23k,24k,30.2k,33k,36.9k,38.9k,37.7k,,
Italy,,,,21.4k,,,115k,,,15.8k,,,,,,39.8k,,,,,,,,,,0,18.8k,7520,,5500,3760,6010,5630,7620,5180,9910,10.3k,11k,11.4k,8460,6080,8260,9520,25.1k,35k,42.6k,47.3k,46.3k,43.9k,44k,40k,41.9k,,
Jamaica,,,,,,3810,11.9k,16.1k,,10.4k,11.4k,11.7k,,4680,9680,14.4k,17.7k,16.1k,29.3k,19.7k,21k,24.7k,,37.2k,,,,,,45.9k,39.8k,38.7k,41.3k,43.7k,33.4k,34.7k,,,,,,,,,,,,,,,33.3k,39.8k,22.5k,
Jordan,,,54.9k,39.3k,26.5k,18.9k,17.2k,15.8k,13.1k,11.9k,11.1k,15.9k,17.6k,34.2k,42.3k,47k,,,,,,,,,,,,,,77k,80.7k,,90.9k,95.3k,101k,108k,111k,185k,173k,,149k,142k,142k,101k,,,,,,,,,,
Japan,,22.5k,147k,6950,170k,115k,18k,5090,5060,187k,4450,6370,6770,5700,6400,4920,4830,5820,6550,,,,,,,,,,,19.8k,,,,,,,,,,,,,,2090,6710,9400,6100,3210,5890,5420,8410,1890,,
Kazakhstan,,,,,,,,,,,,,,,,,,,,,,,,,,,,,,,52.1k,20.8k,20.6k,18.1k,17.8k,13.3k,10.5k,22.9k,31.8k,34k,35.2k,21.4k,12.9k,19.1k,28k,37.2k,52k,31.9k,28.3k,21.3k,123k,136k,137k,68.8k
Kenya,,,,,,,,,,,,,,,,,,,,,,,,,,,,,,1.98M,1.87M,1.47M,1.61M,830k,898k,846k,895k,285k,571k,467k,,,1.19M,,,,,,,,,,,
Kyrgyz Republic,,,,,,,,,,,,,,,,,,,,,,,,,,,60.9k,,,46.5k,52.7k,46.3k,40k,38.3k,13.8k,25.2k,22.3k,21.3k,19.4k,21.4k,19.1k,20.9k,16.8k,11.7k,8100,9450,9940,11.5k,6940,13k,25.8k,32k,37.8k,4660
Cambodia,,,,,,,,,,,,,,,,,,,,,,,,,,,,307k,280k,195k,113k,,,,,,26.2k,44.2k,40.8k,,92.8k,26.3k,20.9k,,121k,98.2k,118k,132k,112k,98.5k,118k,159k,253k,
Kiribati,,,,,,,,,,575,,234,126,205,327,184,259,571,,297,,1,24,304,94,162,163,77,,,182,,,,,,,,,,,,,,96,277,161,507,,,802,,,
St. Kitts and Nevis,,,,,,,,,,,,,,,,628,462,,,66,,,60,,,,,,,,24,122,7,119,1,63,,26,117,,61,,,,,,,,,,,,,
South Korea,,492k,377k,366k,331k,292k,252k,344k,383k,322k,247k,189k,90.7k,12.8k,42.8k,46.3k,115k,146k,221k,210k,150k,114k,31.9k,1210,6590,5560,5550,36.2k,12.6k,9870,98k,92.4k,85.2k,50.4k,59.6k,28.7k,22.1k,9080,5910,43.2k,1880,30.7k,36k,65.8k,81k,4440,19.4k,51.4k,51.3k,25.1k,37.7k,39.3k,29k,
Kuwait,,47k,46.9k,46.1k,47.6k,48.9k,49.6k,47k,38.4k,43.1k,48.4k,51.2k,51.4k,53.5k,60.1k,68.2k,74k,90.1k,92.8k,,,,68.7k,,41k,,36.2k,38.9k,19.2k,18.1k,14.3k,8920,2960,3830,3600,4770,,968,1610,,995,148,3960,10.7k,16.7k,7650,,,,,,,,
Lao,,,,,,,,,,,,,,,,,,,197k,,212k,,271k,251k,234k,,233k,221k,199k,195k,189k,192k,175k,146k,136k,126k,122k,110k,99.9k,87k,51.8k,50k,49.7k,34.2k,29.1k,36.7k,40k,46.8k,49.2k,45.9k,45.3k,44.3k,60.4k,
Lebanon,,,,,21.6k,,,,,,,,,,,,,,,,,,,,,,,210k,146k,,,,,,,,,,,,,,,,,,,,,,,,,
Liberia,,,,,,,,,,,,,,,,,,,,,,,,,,,,,,227k,,,,,,,,,358k,,,399k,,,83.5k,,157k,208k,,,259k,,,
Libya,,99.8k,84.5k,74.5k,68.4k,63.7k,36.5k,24.3k,16.7k,,,,,,,,,,,,,,,,,,,,,,,,,,,,,,,,,,,,,,,,,,,,,
St. Lucia,,,,,,,,,,,,1340,1550,340,616,712,1230,,,,3990,,,14,,,,,,,1740,1420,45,59,860,1400,934,887,842,631,1000,1200,1270,1110,1340,1100,1140,1080,961,798,769,549,311,
Liechtenstein,,,,,,,,,,,,,,,,,,,,,,,,,,,,,,,,,,16,9,6,23,23,16,29,15,24,29,,44,1,6,3,3,2,11,16,,
Sri Lanka,,,,,,,,361k,,,,,,,,,35.5k,,,,,,,,,,,,,,,30.4k,33.4k,43.4k,65.6k,69.6k,75.7k,87.3k,104k,144k,120k,125k,134k,5260,116k,70.5k,57.9k,3420,103,64.3k,46.7k,55.4k,,
Lesotho,79.9k,90.2k,90.5k,90.6k,74.4k,,73.4k,70.9k,88.9k,88.9k,92.2k,95.7k,89.7k,96.9k,101k,101k,106k,100k,99.5k,104k,109k,107k,108k,119k,118k,126k,127k,,153k,162k,84.7k,77.1k,68.1k,60.9k,63.2k,59.4k,52.8k,59.4k,54.7k,55.1k,51k,47.8k,45k,41.9k,45k,45.9k,43.5k,37.6k,,,,,89.7k,97k
Lithuania,,,,,,,,,,,,,,,,,,,,,,,,,,,,,8010,3780,242,639,480,197,,,,,,,,,,148,72,87,108,247,201,116,131,307,,
Luxembourg,,,2710,3090,2430,2810,2870,2800,2850,,,5270,3790,3990,4100,,4210,5320,4070,,,,,,,,,,,1030,1360,1070,934,1520,1570,917,1050,1080,1150,,1390,1810,695,980,1100,969,985,1280,960,589,647,681,,
Latvia,,,,,,,,,,,,,,,,,,,,,,,,,,,,,,3050,,,,,,,,,10,972,958,852,1640,2120,2260,2410,2110,1850,1380,1420,1570,1530,1720,
"Macao, China",,,,,,,,,,,,,,,,,,,,,4990,,8150,,,,,,,5450,4850,5460,3930,3760,3420,3700,4070,3490,3010,2710,2370,1640,2040,1730,1110,1030,639,721,656,2070,3590,5070,7070,
Morocco,,1.37M,1.37M,1.39M,,1.37M,1.33M,1.27M,1.23M,1.21M,1.18M,1.16M,1.2M,1.18M,1.14M,1.2M,1.27M,1.35M,1.41M,1.5M,1.5M,1.81M,1.8M,1.71M,1.6M,1.47M,1.36M,1.28M,1.32M,902k,768k,660k,550k,478k,484k,466k,438k,418k,426k,463k,321k,261k,277k,224k,251k,,245k,198k,128k,74.6k,13.6k,13.9k,21.6k,
Moldova,,,,,,,,,,,,,,,,,,,,,,,,,,,,,,,0,0,0,2350,3340,8890,13.5k,14.5k,13.1k,13.1k,12.8k,11.9k,11.9k,11.7k,264,583,811,861,844,2540,1030,433,459,
Madagascar,,,420k,,,,,,,,,,,,,,,,,584k,614k,,,,,886k,885k,,,840k,835k,845k,867k,662k,,,,,,,,,,,64.7k,67.6k,70.6k,74.8k,79.1k,208k,119k,,,
Maldives,,,,,,,,,,,,,,,,,,,,,,,,,,,,2880,,1950,1580,915,1310,,935,1220,1210,1660,2350,1090,2520,1860,2450,2640,1900,1210,1740,2010,1680,1480,1090,,,
Mexico,,1.86M,,,,,,1.25M,,,,,,,,0,0,0,0,113k,0,0,0,0,0,0,46.9k,154k,177k,18.3k,8120,23.2k,34.1k,37k,40.2k,29.1k,25.6k,21.4k,12.9k,16.7k,21.8k,27.9k,31.5k,36.3k,42.4k,42.6k,42k,44.7k,34.2k,42.3k,38.7k,44.2k,45.3k,
Marshall Islands,,,,,,,,,,,,,,,,,,,,,,,,,,,,,,,,,2090,,,,,,,,,4,,,,464,270,,,77,220,168,142,
North Macedonia,,,,,,,,,,,,,,,,,,,,,,,,,,,,,10.1k,8300,1340,707,4320,6680,8010,9630,12.6k,12k,17.5k,16.5k,12.8k,,13.6k,12.3k,8840,4020,,4650,5340,9850,9460,9980,10.5k,
Mali,,739k,747k,759k,752k,,,812k,,,,,,,,,,,,,,,,,,,,,,1.07M,,,990k,1M,1.02M,941k,940k,929k,,840k,856k,878k,984k,1.15M,1.17M,1.3M,1.31M,1.19M,1.5M,,,,,
Malta,,2230,1030,1270,1100,1250,901,1120,1090,1270,2050,2760,2850,3280,2800,1630,1540,1380,1450,1120,795,575,572,676,1140,1100,804,819,,,,,,,,,,,,,,13,63,207,280,306,321,274,229,626,1020,1430,1990,
Myanmar,,1.4M,,1.16M,1.54M,,,,1.35M,,,,,,,,,,,,,,,,,,,,,,387k,347k,437k,304k,311k,254k,214k,367k,96.8k,102k,73.9k,,,,,,,,,,,,,
Montenegro,,,,,,,,,,,,,,,,,,,,,,,,,,,,,,,,,,803,,421,1400,2360,2230,,,442,1010,,,449,1430,1040,1150,300,326,517,39,
Mongolia,,,,,,,,,,,6720,,,11.4k,,,,11.1k,,,,,,,,39.9k,33.1k,42.1k,31.8k,27.2k,23k,18.2k,18k,30.2k,12.4k,19.4k,9060,9410,4560,5160,3350,4420,7250,11.4k,12.2k,12.4k,10.4k,13k,10.1k,13.4k,17.7k,20.2k,20.3k,
Mozambique,,,,816k,,,,,,791k,,874k,897k,699k,,691k,703k,931k,956k,922k,878k,930k,982k,1.02M,1.05M,1.11M,,,1.58M,1.5M,1.42M,1.29M,1.47M,,1.04M,871k,735k,531k,389k,339k,279k,373k,350k,283k,243k,182k,264k,363k,179k,75.4k,50.9k,,65.3k,
Mauritania,,,,,,,,,,,,,,,,201k,,,,,,,,,205k,186k,177k,,172k,180k,188k,183k,194k,185k,156k,164k,151k,144k,159k,159k,159k,163k,181k,181k,179k,,223k,203k,199k,228k,,,,
Mauritius,,,22k,22.6k,23.2k,22.7k,21.7k,13.7k,12.9k,13.3k,10.3k,7260,2350,2820,4480,3560,10.8k,10.1k,11k,11.2k,13.3k,16.2k,,11.7k,10.4k,9970,8590,7610,1470,1100,425,506,357,380,370,553,1030,2070,2490,3110,2920,2530,5660,3690,2010,1690,936,1080,431,779,536,2680,,
Malawi,,,,,,,,,,,,,,,,,,,,,,,,,,,,,,41.8k,,,,,,,6660,32.5k,6010,334,,,,,,,,,,,,,,
Malaysia,158k,147k,119k,,,,,,,,,,,,,,,,,,,,,,7220,,,,4170,7770,16.3k,60.7k,170k,199k,138k,116k,197k,167k,156k,144k,158k,150k,127k,111k,142k,151k,139k,114k,86.4k,128k,107k,121k,145k,
Namibia,,,,,,,,,,,,,,,,,,,,34.2k,34k,,21.1k,,17.4k,18k,23.2k,24.9k,27.3k,34.7k,37.7k,39.2k,36.5k,36.5k,42.3k,36.4k,41k,27.8k,26.4k,22.3k,19.1k,,8310,922,,1540,,,,,,,,
New Caledonia,,,,,,,,,,,,,2020,1500,1520,2950,2960,2730,1200,801,1130,1070,,,,,,,,,,,,,,,,,,,,,,,,,,,,,,,,
Niger,,,,756k,769k,,,785k,791k,,,814k,,,,,906k,,,1.02M,1.05M,1.08M,1.14M,,,,,1.26M,1.3M,1.31M,1.34M,1.32M,1.31M,1.3M,1.28M,1.34M,1.37M,1.41M,1.38M,1.34M,1.28M,1.2M,1.21M,1.12M,1.16M,1.14M,1.15M,1.08M,1.58M,1.45M,,1.61M,1.67M,1.84M
Nigeria,,,,,,,,,,,,,,,,,,,,,,,,,,,,,,6.81M,6.46M,,,,7.14M,7.25M,7.41M,7.01M,8.86M,8.9M,9.26M,,,,,,,,,,,,,
Nicaragua,193k,191k,200k,204k,212k,210k,212k,223k,241k,,211k,,233k,238k,254k,235k,249k,243k,246k,261k,247k,230k,207k,203k,200k,218k,230k,,,163k,142k,115k,62.5k,,42.1k,37.3k,62.2k,65.4k,58.2k,,64.8k,,,,,,,,,,,,,
Netherlands,,112k,110k,111k,113k,114k,113k,112k,112k,109k,102k,99.8k,97.6k,99k,99.8k,103k,53.6k,55.5k,59.2k,60.8k,61.2k,62.3k,68.9k,71.5k,10.8k,10.3k,12.6k,14.9k,,,,,,,,,,,,,,,,,,,,2270,2930,1420,1940,2110,,
Curaçao,,,,,,,,,,,,,,,,,,,,,,,,,,,,,,,,,,,,,,,,,,,,,,,,,,,47,,,
Norway,,5160,5710,,,,5920,5250,4760,5030,2550,5500,4940,,2750,2730,2340,2810,3270,3360,3290,3710,3670,5050,5080,4170,3640,64.3k,2980,2450,2970,2270,2360,2520,2250,2660,2200,1350,701,778,1080,827,1150,1120,1790,2390,3050,2920,3390,3770,4660,4220,,
Nepal,,,,,,,,,,,,,,917k,910k,,,,862k,,,,,,,,,,,1.18M,1.01M,,,774k,704k,,,,,,,71.7k,58.4k,,52.6k,48.5k,34.1k,58.8k,,,,39.3k,29.8k,106k
Nauru,,,,,,,,,,,,,,,,,,,,,,,,,,,,,,,,,,,,,,145,,,,,271,,132,,143,,,68,440,,219,
New Zealand,704,1320,5,8,448,677,413,1210,704,925,929,931,1140,1700,248,606,1730,309,396,1460,2020,5790,6380,,1970,82,935,1470,,,,,,,,,,,,,,,,2260,3380,4390,4580,4920,5070,3850,5130,5310,,
Oman,,,,104k,101k,94.2k,96.4k,,92.3k,91.4k,,91.7k,92.4k,92.2k,84.8k,85.4k,79.7k,81.6k,90.7k,94.6k,97.3k,98.7k,97.6k,87.2k,83.4k,81.4k,78k,77.9k,73.3k,69.5k,54.3k,50.5k,50k,39.4k,,,,,,5560,,717,4440,3270,6120,12.1k,15k,9990,3750,7970,34.1k,37.9k,40.6k,
Pakistan,,,,,,,,,,,,,,,,,,,,,,,,,,,,,,,,,,,,,,,,,,,,,,,,,,,,7.68M,,
Panama,62.3k,43.7k,38.7k,34.8k,,32.6k,34k,,27k,30.5k,32.6k,35.5k,37.4k,40.2k,40.3k,38.2k,38.5k,36.7k,41.3k,38.9k,41.8k,,,,,,,,,25.3k,20k,13.5k,3830,,1230,1370,865,926,1180,11.3k,9860,15.5k,19.7k,27.3k,37.5k,44.7k,,57.7k,,51.9k,49.9k,19.8k,,
Peru,506k,,,432k,,,,,,,431k,309k,299k,,,168k,,,314k,,,,,367k,,553k,566k,584k,110k,64.1k,44.7k,21.7k,6190,65.3k,7260,10.4k,17.3k,19.5k,24.1k,24.2k,17.2k,24.6k,,,,,77.7k,149k,137k,61.5k,9050,3000,9180,
Philippines,,,,,,,372k,,,347k,,628k,689k,855k,950k,659k,706k,658k,458k,304k,178k,,397k,422k,516k,,155k,,670k,1.09M,,1.06M,1.06M,1.16M,1.26M,1.22M,1.43M,1.51M,1.33M,1M,,,,,738k,800k,914k,972k,1.01M,846k,826k,1.46M,1.34M,
Palau,,,,,,,,,,,,,,,,,,,,,,,,,,,,,,,,,,,,,,,,,,,,52,82,,,,,,42,31,,
Papua New Guinea,,,,,,,,,,,,,,,,,,,,174k,,,,,,,,,,,,,,,,,,,,,,,,,,,141k,,16.6k,,,,,
Poland,,,,,,,,,,,,,,,,,,,,,,,,,,,,,,27.8k,42.4k,29.2k,30.7k,28.8k,30.7k,31.9k,36.8k,48.9k,58.9k,66.1k,62.8k,69.3k,74k,81.4k,90k,,,115k,110k,83k,23.9k,3160,968,
Puerto Rico,,,,,,,,,,,,,,,,,,,,,,,,,,,,,,,,,,,,,,,,,25.4k,30.3k,21.2k,15.5k,9740,6710,15.6k,,9930,,,,,
North Korea,,,,,,,,,,,,,,,,,,,,,,,,,,,,,,,,,,,,,,,,2580,,,,,,,,,,,,,,
Portugal,,,,122k,124k,,79.3k,61.4k,40.6k,,40.6k,36.4k,,,25k,5260,3250,4350,,,2760,1750,,,5460,,,,,16.4k,16.3k,1820,90,520,462,1170,569,2190,5580,860,175,62,1250,799,873,7520,10.8k,10.8k,8610,4210,1220,402,,
Paraguay,70.3k,,124k,73.4k,,85.9k,79.2k,72.8k,63.2k,56k,45.9k,39.1k,,38.5k,38.3k,35.3k,37.9k,31.3k,21.2k,11.2k,3030,2340,60.8k,2690,31.2k,38.5k,17.2k,,,5070,6450,5940,5480,5940,5560,6140,5360,5650,15.8k,25k,24.7k,26.9k,29.8k,,,,92.5k,,,,92.8k,92.8k,91.6k,
Palestine,,,,,,,,,,,,,,,,,,,,,,,,,,,,,,38.3k,29.5k,32.8k,29.1k,29.3k,32.4k,44.9k,51.1k,57.1k,51.3k,47.7k,45k,45k,35.5k,36k,30.6k,29.6k,26.5k,19.8k,22.5k,26.4k,31.4k,42k,50.5k,
French Polynesia,,,,,,,,,,,,,,3760,3590,3390,,,,1780,2190,,,2520,,2280,2480,,,,,,,,,,,,,,,,,,,,,,,,,,,
Qatar,,3740,5240,6770,8230,,9100,8820,8010,7600,6900,6240,5160,5340,4400,4260,3400,3740,3040,1910,1130,2060,2930,4470,3610,,,,1040,823,3970,6950,6670,8740,5230,3860,5740,3100,,2310,1130,3610,429,3140,7540,5090,2270,121,953,2890,3400,,,
Romania,,,,,,,,,,,,,,,,,,,,,,,,263k,187k,153k,123k,120k,19.1k,17.5k,5850,6540,13.6k,41k,50.8k,68.5k,56.9k,57.8k,28.8k,10.1k,20.2k,34.9k,53k,,,86.1k,95.9k,100k,87.6k,76.9k,75.3k,92.6k,,
Russia,,,,,,,,,,,,,,,,,,,,,,,,,371k,642k,,,,,,,,,,,318k,324k,246k,258k,,256k,150k,172k,164k,50k,43.1k,4820,6400,1230,26.2k,26.8k,140k,
Rwanda,,,,341k,357k,376k,,365k,357k,,,,,,,,,,,,,,,,,,,,,496k,,,255k,177k,,,,,,,,,,,,,102k,118k,139k,163k,,174k,,
Saudi Arabia,,,,,,,,,,985k,,,,,,,,,,,,,,,,,,,,,,,,,,,,,,583k,,,,166k,132k,76.5k,78.9k,,,,83.2k,89.6k,75k,
Sudan,,,,,,,,,,,,,,,,,,,,,,,,,,,,,,,,,,,,,,,,,,2.04M,2.27M,2.27M,2.33M,2.41M,2.42M,2.42M,2.23M,,,,,
Senegal,,,,,,,,,603k,602k,614k,627k,635k,641k,658k,675k,624k,,661k,689k,715k,,754k,,776k,,744k,692k,664k,688k,645k,,,551k,597k,589k,553k,527k,529k,545k,547k,554k,514k,557k,554k,566k,,,,641k,621k,709k,742k,
Singapore,,,,,,,,,,,,,,,,,,,,,,,,,,,,,,,,,,,,,,,,,,,,,1160,555,24,72,476,236,268,1520,,
Solomon Islands,,,,,,,,,,,,,,,,,,,,,,,,,,,,,,,,,,,,20.9k,17.7k,17.8k,,,,,,1860,872,1190,,,5340,6800,,,,
Sierra Leone,,,,,,,,,,,,,,358k,,,,,,,,,,,,,,,,,,,,,,,,,,,,,71.7k,17.4k,,16.2k,20.4k,,,,,,,
El Salvador,203k,,,,,,,,,,,,,,,,,,,,,,,,,,,,182k,,99.7k,84.9k,60.8k,50.1k,,,,,,,,,,,47.8k,51.5k,56.1k,,,,,,,
San Marino,,,,,,,,,,67,50,37,31,29,43,37,45,3,32,41,27,15,14,9,9,,45,49,,,112,,,,75,,,,146,152,94,,78,,,,,,,62,62,40,38,
Somalia,,,,,,,572k,591k,619k,689k,791k,,,,,,,,,,,,,,,,,,,,,,,,,,,,,,,,,,,,,,,,,,,
Serbia,,,,,,,,,,,,,,,,,,,,,,,,,,,,,,,,,,,,606,83,555,4710,13.1k,19.5k,9400,9540,8010,804,364,814,1660,3400,4910,6650,9820,32.5k,
South Sudan,,,,,,,,,,,,,,,,,,,,,,,,,,,,,,,,,,,,,,,,,,923k,,,,1.12M,,,,,,,,
Sao Tome and Principe,,,,,,,,,,,,,,433,205,,,420,199,,473,,,,,,,,,4700,,,1170,987,656,491,,2100,2120,2070,2180,1910,2280,2810,2920,3190,,1200,,,,,,
Suriname,,,,,,,,3600,2520,,,,,,,3200,,5830,6140,3630,,,,,,,,,,,,,,,,9310,9380,11.8k,9240,8230,9920,11.4k,11.2k,11.6k,11.8k,10.7k,9810,12.1k,11.7k,10.3k,9490,12.6k,,
Slovak Republic,,,,,,,,,,,,,,,,,,,,,,,,,,,,,,,,1860,5520,6220,6170,6500,7860,7350,8040,9520,10k,11.3k,12.1k,12.6k,13.8k,13.8k,15.1k,13.6k,16.6k,14.2k,11.6k,10.1k,6650,
Slovenia,,,,,,,,,,,,,,,,,,,,,,,,,,5050,4060,3880,1830,2160,1790,1930,2350,2070,2630,1840,1470,2940,2420,2340,2260,2390,2190,2210,2180,2010,2690,2610,1960,1710,1340,2010,1600,
Sweden,,,,,,,25.4k,,,,,,11.1k,,,,,7820,7330,6710,4240,2820,956,1660,160,7970,309,268,,1120,1960,3020,2510,2460,2580,2320,1870,1890,1710,2540,4700,13.9k,3280,5450,8230,5310,2760,1100,3380,5590,5110,3810,4270,
Eswatini,39k,39.9k,38.8k,36.7k,36.4k,34.9k,34.8k,34.4k,35.1k,35.2k,34k,32.2k,33.5k,36.8k,38k,37.3k,41.1k,42k,44.1k,46.8k,44.9k,46.3k,46.4k,50.4k,50.3k,47.5k,53.2k,,,,,,,,,,,,,35k,22.6k,12.9k,21.2k,26.2k,22k,22.1k,21.4k,24.4k,22.1k,20.5k,,,,
Seychelles,,,,,,,,,,1590,,,,,,,,,,,,,,478,93,201,179,,105,,,914,497,489,840,478,,,,,96,,,16,3,8,241,278,247,366,321,343,200,
Syria,,306k,,224k,210k,222k,218k,233k,272k,284k,275k,275k,269k,258k,224k,197k,166k,96.8k,94.4k,81.8k,84.6k,90.2k,83.9k,85.7k,82.9k,84.5k,91.7k,109k,77.8k,85.5k,78.5k,64.5k,65.9k,37.5k,30.4k,28.7k,,,25.5k,24.1k,25.4k,20.3k,20.9k,845k,,,,,,,1.08M,1.04M,844k,643k
Turks and Caicos Islands,,,,,,,,,,,,,,,,,,,,,,,,,,,,265,,179,99,,91,438,259,225,,,,101,,,,,359,257,,183,,,,137,,
Chad,,,,,,482k,,508k,,,,,,,,,,,600k,,,,,,,,746k,709k,674k,689k,705k,711k,675k,675k,,,,,,,,773k,,479k,,512k,701k,885k,755k,809k,,786k,804k,
Togo,,187k,189k,,,,,,147k,145k,148k,,171k,189k,231k,248k,280k,233k,235k,238k,236k,226k,,,222k,179k,138k,168k,,84.7k,117k,103k,72.7k,103k,83k,91.7k,67.8k,111k,101k,,,,,,86.2k,67.7k,100k,102k,85.4k,64.6k,14.9k,13.6k,13k,
Thailand,,,,1.87M,1.85M,,,,,,,,,,,,,,,,,,,,,,,,,,,,,,,,27.4k,33.7k,28.4k,,,,,,,,,136k,138k,89.4k,123k,81.9k,10.4k,106k
Tajikistan,,,,,,,,,,,,,,,,,,,,,,,,,,,,,,,31.8k,35.9k,24.7k,32.4k,30.6k,28.5k,30k,27.1k,22.9k,22.4k,30.6k,49.1k,59k,65.3k,67.1k,61.9k,52.2k,32.2k,,,,,,
Timor-Leste,,,,,,,,,,,,,,,,,,,,,,,,,,,,,,,,,,,,,,,21.1k,13.2k,10.7k,7160,11.9k,12.1k,12.7k,12.5k,13k,8530,10.3k,10.7k,9240,,,
Tonga,1560,1350,462,,2000,1110,,,414,,,,1890,3320,1610,1710,1720,,,,1850,,,1870,,,,,1600,1360,,32,,,284,499,136,,,,,,384,665,69.3,136,,,60.9,198,203,243,100,
Trinidad and Tobago,,17.3k,15.9k,15.4k,14.7k,13.3k,9540,11.2k,16.9k,25.8k,31k,22.5k,20.4k,21k,23.2k,23.7k,29.1k,28.2k,28k,30.1k,31.6k,30.4k,29k,29.3k,,,26.6k,26.7k,,7550,4350,4890,12.3k,11.4k,8410,13.1k,,5430,13.8k,13.4k,12.4k,,,,,,,,,,,,,
Tunisia,,187k,,,,252k,,,255k,243k,226k,216k,204k,186k,168k,168k,156k,142k,139k,129k,134k,125k,125k,120k,117k,106k,107k,108k,,93.5k,83.5k,72.4k,47.8k,42.3k,40.9k,55.6k,43.1k,41.9k,31.1k,22.8k,13.8k,19.4k,10.8k,8010,9500,9610,10.4k,10k,9840,,7770,13.1k,21.8k,
Turkey,,,,,1.17M,,,,,,,,,,,523k,496k,527k,395k,391k,259k,290k,267k,435k,520k,610k,,657k,,,,,,,,,,,,,,,,411,13.9k,67.9k,92.2k,36k,10.5k,10.3k,11.5k,11.3k,,
Tuvalu,,,,,,,,,,,,,,,,,,,,,,,,,,,,,,,,,,,,,,,,,,,,,36,10.2,6,,,150,122,16,38,
Tanzania,,,,,,,1.53M,,,,1.07M,1.18M,1.43M,1.55M,1.76M,1.96M,2.11M,2.25M,2.41M,2.47M,2.55M,2.63M,2.65M,2.71M,2.9M,3.05M,3.08M,2.99M,3.08M,3.09M,2.94M,2.7M,1.73M,1.17M,896k,606k,239k,,165k,,674k,,1.15M,1.43M,1.67M,1.97M,1.72M,1.8M,2.11M,1.89M,1.93M,1.75M,,
Uganda,,,,,,,,,,1.73M,,1.72M,1.71M,,,,1.38M,,,,,,,,,,,,,,,,,,,,,,,410k,660k,445k,459k,358k,476k,1.07M,918k,967k,,,,,,
Ukraine,,,,,,,,,,,,,,,,,,,,,,,,,,,,,,,,,32.2k,160k,153k,137k,130k,121k,119k,124k,124k,137k,160k,182k,200k,279k,298k,307k,318k,312k,309k,300k,,
Uruguay,,,,,,,,,,,,,,46.5k,46.9k,41.9k,38.6k,37.7k,,,,22.4k,17.6k,16.5k,19.4k,19.6k,21k,19.1k,,,,,,,,1040,7760,15.9k,10.8k,8780,5830,3550,4270,1170,13.5k,1700,98,714,449,1470,1030,562,890,
USA,,,,,,,,,,,,,,,,,,,,,,,,,,,,,,,,,,,,136k,,,,,,,,712k,,446k,88.8k,105k,142k,225k,489k,996k,966k,
Uzbekistan,,,,,,,,,,,,,,,,,,,,,,,,,,,,,,,,,,,,,,130k,87.9k,102k,106k,110k,105k,91.3k,54.4k,20.4k,10.3k,10.9k,9520,3960,19.3k,44.4k,99.9k,107k
St. Vincent and the Grenadines,,,,,,,,,,,,,,,1900,,1730,,,,,,,,614,,,,,,815,224,747,949,903,1050,,228,240,116,97,107,26,66,,,,,,,,,189,
Venezuela,,531k,516k,515k,544k,533k,481k,456k,430k,418k,,,,,,,,,,,,,,,,,,,,380k,300k,236k,123k,181k,178k,207k,209k,169k,247k,194k,173k,172k,174k,195k,224k,250k,353k,435k,,,,,,
British Virgin Islands,,,,,,,,,,,,,,225,259,94,,,,,78,44,42,,32,,,,,4,347,123,54,61,,207,274,15,,12,23,16,40,36,44,1,1,,307,28,,,21,
Vietnam,,,,,,,,,42.6k,,,85.9k,,,,611k,,,,,,,,,,,,,0,0,0,0,28.1k,,,219k,216k,,258k,329k,109k,136k,75.4k,0,51.1k,24.5k,,,,,,,,
Vanuatu,,,,,,,,,,,,3370,,,,,,,,6040,,,,,0,,,,3410,3760,3150,2560,2160,2350,2890,1520,,,,,,,,,,2040,,,,3190,4170,2450,4160,
Samoa,,,,,,,,,,,,,,,,,,,,,,,,,1690,,,,1960,2300,1760,592,,,,,,2200,,1880,498,1180,1610,,470,14.1,272,88.6,377,482,1780,382,330,
Yemen,,,,,,,,,,,,,,,,,,,,,,,,,,,,,,1.66M,,1.45M,,1.24M,1.15M,1.09M,,,1.14M,,992k,,927k,931k,,,1.13M,,,,,,,
South Africa,1.28M,,,,,,,,,,,,,,,,,,,,,936k,,,1.38M,1.5M,,,1.57M,1.56M,1.68M,1.54M,1.38M,1.23M,1.09M,969k,,,,,,,,,,352k,,282k,588k,621k,740k,568k,,
Zambia,,,209k,,,,218k,226k,245k,257k,264k,268k,273k,257k,247k,,234k,,263k,,,,,,420k,469k,,,563k,604k,624k,646k,603k,,352k,170k,217k,158k,143k,217k,289k,191k,158k,249k,,,,478k,,,,,,
Zimbabwe,,,,,,,,,,,,,8810,,3040,,31.5k,,,,,,,,,,,,281k,182k,130k,42.2k,100k,127k,,,,,,,,,132k,164k,171k,397k,372k,430k,423k,425k,400k,189k,172k,
