country,1960,1961,1962,1963,1964,1965,1966,1967,1968,1969,1970,1971,1972,1973,1974,1975,1976,1977,1978,1979,1980,1981,1982,1983,1984,1985,1986,1987,1988,1989,1990,1991,1992,1993,1994,1995,1996,1997,1998,1999,2000,2001,2002,2003,2004,2005,2006,2007,2008,2009,2010,2011,2012,2013,2014,2015,2016,2017,2018,2019,2020,2021,2022,2023
Aruba,27.7k,28.3k,28.8k,29.2k,29.5k,29.8k,30.1k,30.2k,30.1k,30k,29.9k,29.8k,29.8k,30k,30.4k,30.7k,30.9k,31.1k,31.2k,31.3k,31.4k,31.6k,31.8k,32.1k,32.4k,32.5k,32.5k,32.5k,32.4k,32.5k,33.1k,34.1k,35.1k,35.9k,36.7k,37.6k,38.4k,39.2k,40.1k,40.9k,41.6k,42k,42.2k,42.3k,42.3k,42.4k,42.6k,42.7k,42.9k,43.1k,43.2k,43.5k,43.9k,44.2k,44.6k,44.9k,45.3k,45.6k,46k,46.4k,46.6k,46.7k,46.9k,47k
Afghanistan,724k,763k,805k,849k,897k,947k,1M,1.06M,1.12M,1.18M,1.25M,1.32M,1.4M,1.48M,1.57M,1.66M,1.75M,1.84M,1.94M,2.01M,2M,1.85M,1.73M,1.77M,1.88M,2M,2.05M,2.1M,2.18M,2.25M,2.26M,2.29M,2.57M,3M,3.33M,3.55M,3.71M,3.88M,4.05M,4.24M,4.31M,4.36M,4.67M,5.06M,5.3M,5.54M,5.83M,5.99M,6.16M,6.44M,6.69M,7M,7.36M,7.69M,8.04M,8.37M,8.67M,9M,9.35M,9.73M,10.1M,10.6M,10.9M,11.4M
Angola,559k,588k,619k,651k,684k,717k,750k,783k,818k,856k,902k,966k,1.05M,1.14M,1.24M,1.35M,1.46M,1.58M,1.72M,1.87M,2.02M,2.2M,2.38M,2.58M,2.8M,3.02M,3.27M,3.53M,3.8M,4.09M,4.39M,4.72M,5.06M,5.41M,5.79M,6.14M,6.52M,6.92M,7.33M,7.76M,8.21M,8.69M,9.19M,9.72M,10.3M,10.9M,11.4M,12M,12.6M,13.3M,14M,14.7M,15.4M,16.2M,17M,17.8M,18.7M,19.6M,20.5M,21.4M,22.3M,23.3M,24.2M,25.2M
Albania,494k,514k,531k,548k,565k,582k,599k,617k,636k,657k,678k,699k,721k,742k,764k,787k,809k,832k,855k,877k,902k,928k,955k,983k,1.01M,1.04M,1.07M,1.1M,1.13M,1.17M,1.2M,1.2M,1.21M,1.22M,1.23M,1.24M,1.25M,1.26M,1.27M,1.28M,1.29M,1.3M,1.33M,1.35M,1.38M,1.41M,1.43M,1.45M,1.47M,1.5M,1.52M,1.55M,1.58M,1.6M,1.63M,1.65M,1.68M,1.71M,1.73M,1.75M,1.76M,1.77M,1.77M,1.77M
Andorra,5520,6230,6990,7800,8660,9550,10.6k,11.8k,13.1k,14.5k,15.9k,17.4k,19k,20.7k,22.4k,24.1k,25.9k,27.7k,29.4k,31.2k,32.8k,34.3k,36.1k,38k,39.9k,41.7k,43.5k,45.3k,47.2k,49k,50.7k,52.4k,54k,55.7k,57.3k,58.9k,59.9k,60.3k,60.6k,60.8k,61.1k,62.4k,64.9k,67.4k,69.8k,72.1k,72k,69.8k,67.7k,65.7k,63.5k,62.6k,62.9k,63.2k,63.3k,63.4k,64k,65.1k,66.1k,67.2k,68.3k,69.4k,70.1k,70.3k
UAE,98.1k,105k,112k,119k,127k,135k,143k,152k,170k,202k,238k,275k,313k,352k,393k,434k,491k,566k,647k,731k,818k,888k,940k,993k,1.05M,1.1M,1.17M,1.25M,1.34M,1.42M,1.5M,1.58M,1.67M,1.75M,1.83M,1.91M,2.02M,2.17M,2.32M,2.47M,2.63M,2.79M,2.95M,3.11M,3.27M,3.52M,4.05M,4.88M,5.83M,6.69M,7.13M,7.24M,7.34M,7.44M,7.54M,7.64M,7.73M,7.82M,7.91M,7.99M,8.08M,8.18M,8.27M,8.35M
Argentina,15M,15.3M,15.7M,16.1M,16.5M,16.8M,17.2M,17.6M,18M,18.4M,18.8M,19.2M,19.6M,20.1M,20.5M,21M,21.4M,21.8M,22.3M,22.8M,23.2M,23.7M,24.2M,24.7M,25.2M,25.8M,26.3M,26.8M,27.3M,27.9M,28.4M,28.9M,29.4M,29.9M,30.3M,30.8M,31.3M,31.7M,32.2M,32.6M,33M,33.5M,33.9M,34.3M,34.7M,35.2M,35.6M,36M,36.5M,36.9M,37.1M,37.5M,38M,38.5M,39M,39.5M,39.9M,40.4M,40.9M,41.3M,41.8M,42.2M,42.7M,43.1M
Armenia,976k,1.03M,1.08M,1.13M,1.19M,1.24M,1.3M,1.35M,1.41M,1.46M,1.52M,1.57M,1.63M,1.68M,1.74M,1.8M,1.86M,1.92M,1.99M,2.04M,2.07M,2.1M,2.13M,2.16M,2.19M,2.21M,2.24M,2.26M,2.28M,2.33M,2.4M,2.43M,2.39M,2.3M,2.24M,2.19M,2.17M,2.14M,2.11M,2.08M,2.05M,2.02M,1.99M,1.98M,1.96M,1.95M,1.93M,1.91M,1.9M,1.88M,1.87M,1.86M,1.84M,1.83M,1.82M,1.82M,1.81M,1.8M,1.79M,1.78M,1.78M,1.77M,1.77M,1.77M
American Samoa,13.3k,13.7k,14.3k,14.8k,15.4k,16k,16.6k,17.2k,17.8k,18.5k,19.1k,19.5k,20k,20.4k,20.9k,21.4k,22k,22.5k,23.1k,23.7k,24.4k,25.6k,26.8k,28.1k,29.4k,30.8k,32.3k,33.9k,35.5k,37.2k,38.7k,40.1k,41.5k,42.8k,44.2k,45.5k,46.9k,48.2k,49.5k,50.8k,51.6k,51.6k,51.4k,51.2k,50.8k,50.4k,50k,49.6k,49.1k,48.6k,48k,47.5k,46.9k,46.3k,45.6k,44.8k,44k,43.1k,42.2k,41.2k,40.3k,39.3k,38.6k,38.3k
Antigua and Barbuda,21.9k,22k,21.9k,21.9k,21.8k,21.8k,21.8k,21.8k,21.8k,21.8k,21.8k,22k,22k,22k,21.9k,21.9k,21.9k,22k,22.2k,22.3k,22.5k,22.6k,22.7k,22.8k,22.8k,22.8k,22.7k,22.6k,22.6k,22.5k,22.4k,22.6k,22.7k,22.9k,23k,23.2k,23.4k,23.7k,23.8k,24k,24.1k,24.2k,24k,23.8k,23.6k,23.3k,23.1k,23k,22.8k,22.7k,22.5k,22.3k,22.4k,22.4k,22.5k,22.5k,22.5k,22.5k,22.5k,22.6k,22.6k,22.7k,22.8k,22.9k
Australia,8.38M,8.59M,8.83M,9.03M,9.25M,9.46M,9.71M,9.85M,10M,10.3M,10.5M,10.9M,11.1M,11.3M,11.6M,11.8M,11.9M,12.1M,12.2M,12.4M,12.6M,12.8M,13M,13.2M,13.3M,13.5M,13.7M,13.9M,14.1M,14.4M,14.6M,14.8M,14.9M,15M,15.1M,15.3M,15.4M,15.6M,15.7M,15.9M,16M,16.2M,16.4M,16.6M,16.8M,17.1M,17.3M,17.7M,18M,18.5M,18.8M,19.1M,19.4M,19.8M,20.1M,20.4M,20.8M,21.1M,21.5M,21.8M,22.1M,22.2M,22.5M,23.1M
Austria,4.56M,4.59M,4.62M,4.66M,4.69M,4.73M,4.76M,4.8M,4.83M,4.85M,4.87M,4.9M,4.93M,4.96M,4.96M,4.95M,4.94M,4.95M,4.94M,4.94M,4.94M,4.95M,4.93M,4.9M,4.88M,4.86M,4.85M,4.83M,4.82M,4.82M,4.83M,4.86M,4.89M,4.91M,4.91M,4.9M,4.88M,4.86M,4.85M,4.83M,4.82M,4.82M,4.82M,4.82M,4.83M,4.84M,4.84M,4.83M,4.82M,4.81M,4.8M,4.79M,4.82M,4.86M,4.92M,4.99M,5.06M,5.11M,5.15M,5.2M,5.24M,5.28M,5.36M,5.44M
Azerbaijan,2.05M,2.12M,2.17M,2.22M,2.28M,2.34M,2.39M,2.44M,2.49M,2.53M,2.59M,2.67M,2.75M,2.82M,2.89M,2.95M,3.01M,3.07M,3.14M,3.2M,3.25M,3.31M,3.37M,3.43M,3.5M,3.57M,3.64M,3.71M,3.77M,3.83M,3.86M,3.89M,3.92M,3.96M,3.99M,4.01M,4.03M,4.04M,4.06M,4.09M,4.14M,4.18M,4.23M,4.28M,4.34M,4.4M,4.46M,4.53M,4.64M,4.76M,4.84M,4.92M,5.01M,5.1M,5.19M,5.28M,5.37M,5.45M,5.53M,5.62M,5.69M,5.76M,5.8M,5.82M
Burundi,57k,59.6k,62.2k,64.7k,67.7k,71.5k,76.5k,81.9k,87.5k,93.3k,99.5k,106k,111k,116k,124k,132k,141k,151k,162k,173k,187k,202k,215k,229k,244k,258k,273k,290k,307k,325k,344k,361k,381k,379k,392k,428k,440k,451k,473k,497k,520k,547k,577k,611k,651k,693k,736k,784k,838k,904k,971k,1.03M,1.1M,1.17M,1.24M,1.3M,1.35M,1.42M,1.5M,1.59M,1.68M,1.76M,1.86M,1.96M
Belgium,8.46M,8.5M,8.55M,8.62M,8.72M,8.81M,8.89M,8.95M,9M,9.04M,9.06M,9.09M,9.14M,9.18M,9.22M,9.26M,9.29M,9.32M,9.35M,9.38M,9.4M,9.42M,9.43M,9.44M,9.44M,9.46M,9.47M,9.49M,9.53M,9.57M,9.61M,9.65M,9.7M,9.74M,9.78M,9.81M,9.84M,9.87M,9.9M,9.93M,9.96M,10M,10M,10.1M,10.1M,10.2M,10.3M,10.4M,10.4M,10.5M,10.6M,10.8M,10.9M,10.9M,11M,11M,11.1M,11.1M,11.2M,11.3M,11.3M,11.4M,11.5M,11.6M
Benin,233k,251k,272k,293k,317k,343k,370k,400k,432k,467k,505k,545k,589k,635k,686k,740k,799k,862k,929k,996k,1.05M,1.1M,1.16M,1.23M,1.29M,1.36M,1.43M,1.51M,1.59M,1.68M,1.77M,1.87M,1.96M,2.06M,2.16M,2.22M,2.3M,2.39M,2.48M,2.58M,2.68M,2.79M,2.9M,3.03M,3.16M,3.3M,3.45M,3.59M,3.75M,3.91M,4.07M,4.24M,4.42M,4.6M,4.79M,5M,5.21M,5.42M,5.65M,5.88M,6.12M,6.36M,6.61M,6.87M
Burkina Faso,225k,233k,241k,250k,259k,268k,278k,288k,299k,311k,322k,335k,347k,360k,374k,390k,418k,459k,504k,555k,610k,672k,739k,813k,895k,984k,1.05M,1.1M,1.15M,1.21M,1.26M,1.32M,1.38M,1.44M,1.5M,1.57M,1.64M,1.73M,1.85M,1.98M,2.12M,2.27M,2.43M,2.61M,2.79M,2.99M,3.2M,3.39M,3.58M,3.77M,3.97M,4.18M,4.41M,4.65M,4.89M,5.15M,5.42M,5.7M,5.99M,6.28M,6.59M,6.9M,7.23M,7.56M
Bangladesh,2.59M,2.74M,2.94M,3.16M,3.39M,3.63M,3.9M,4.18M,4.49M,4.81M,5.13M,5.4M,5.7M,6.09M,6.59M,7.35M,8.17M,9.09M,10.1M,11.2M,12.5M,13.6M,14.4M,15.1M,16M,16.8M,17.6M,18.5M,19.4M,20.3M,21.2M,22.1M,22.9M,23.8M,24.7M,25.6M,26.4M,27.4M,28.4M,29.4M,30.5M,31.7M,33.2M,34.7M,36.2M,37.8M,39.2M,40.7M,42.1M,43.6M,45.2M,46.9M,48.7M,50.5M,52.3M,54.1M,56.1M,58M,60M,61.9M,63.9M,66M,68M,70M
Bulgaria,2.92M,3.08M,3.24M,3.41M,3.58M,3.75M,3.9M,4.03M,4.17M,4.3M,4.44M,4.56M,4.67M,4.78M,4.91M,5.02M,5.13M,5.23M,5.32M,5.4M,5.5M,5.57M,5.63M,5.69M,5.74M,5.79M,5.82M,5.86M,5.9M,5.86M,5.79M,5.76M,5.73M,5.7M,5.7M,5.7M,5.69M,5.67M,5.65M,5.64M,5.63M,5.54M,5.45M,5.43M,5.42M,5.41M,5.39M,5.38M,5.37M,5.36M,5.35M,5.34M,5.33M,5.33M,5.32M,5.31M,5.3M,5.28M,5.27M,5.26M,5.25M,5.23M,4.94M,4.93M
Bahrain,132k,137k,143k,148k,154k,159k,165k,170k,176k,181k,186k,194k,205k,217k,229k,242k,256k,269k,283k,298k,312k,326k,338k,351k,365k,379k,393k,409k,424k,440k,456k,473k,490k,507k,524k,542k,559k,577k,594k,612k,629k,645k,661k,688k,737k,797k,859k,921k,983k,1.04M,1.08M,1.08M,1.09M,1.12M,1.17M,1.21M,1.26M,1.3M,1.33M,1.34M,1.32M,1.31M,1.32M,1.34M
Bahamas,68.4k,72.7k,77.3k,82.1k,86.9k,91.8k,96.9k,102k,108k,114k,120k,124k,129k,133k,137k,141k,146k,150k,155k,159k,164k,168k,173k,178k,183k,189k,194k,199k,205k,210k,216k,221k,226k,232k,237k,243k,248k,252k,257k,262k,267k,270k,274k,278k,282k,286k,290k,294k,299k,303k,308k,312k,315k,319k,322k,325k,328k,331k,334k,336k,338k,340k,342k,345k
Bosnia and Herzegovina,621k,655k,692k,731k,772k,814k,856k,900k,945k,991k,1.04M,1.08M,1.13M,1.17M,1.21M,1.26M,1.3M,1.35M,1.4M,1.44M,1.49M,1.54M,1.56M,1.59M,1.62M,1.65M,1.67M,1.7M,1.72M,1.74M,1.76M,1.78M,1.71M,1.58M,1.52M,1.53M,1.61M,1.68M,1.72M,1.75M,1.77M,1.79M,1.81M,1.81M,1.81M,1.8M,1.8M,1.79M,1.77M,1.75M,1.74M,1.72M,1.7M,1.68M,1.67M,1.66M,1.65M,1.65M,1.64M,1.63M,1.63M,1.62M,1.61M,1.61M
Belarus,2.66M,2.77M,2.9M,3.02M,3.15M,3.28M,3.42M,3.55M,3.69M,3.83M,3.98M,4.13M,4.29M,4.45M,4.6M,4.74M,4.88M,5.02M,5.17M,5.31M,5.45M,5.59M,5.73M,5.88M,6.03M,6.17M,6.31M,6.46M,6.58M,6.67M,6.72M,6.77M,6.82M,6.88M,6.91M,6.92M,6.94M,6.95M,6.96M,6.97M,6.98M,7M,7M,7M,6.99M,6.99M,6.99M,7.01M,7.02M,7.05M,7.08M,7.11M,7.15M,7.2M,7.25M,7.3M,7.35M,7.39M,7.42M,7.45M,7.46M,7.43M,7.41M,7.41M
Belize,49.4k,50.4k,51.4k,52.5k,53.7k,55k,56.4k,57.8k,59.2k,60.5k,61.6k,62.5k,63.3k,64.1k,64.7k,65.6k,66.8k,67.9k,69k,70.3k,71.7k,73.2k,74.7k,76.2k,77.6k,79.1k,80.6k,82.1k,83.6k,85.2k,86.7k,88.1k,89.6k,91k,92.5k,94.5k,97k,99.9k,103k,106k,109k,113k,116k,120k,123k,127k,131k,135k,138k,142k,146k,149k,153k,156k,160k,163k,167k,171k,175k,178k,182k,185k,188k,191k
Bermuda,44.4k,45.5k,46.6k,47.7k,48.9k,50.1k,51k,52k,53k,54k,55k,54.6k,54.2k,53.8k,53.4k,53k,53.2k,53.4k,53.6k,53.8k,54.7k,55k,55.4k,55.9k,56.4k,56.9k,57.4k,57.8k,58.3k,58.8k,59.3k,59k,58.6k,58.9k,59.3k,59.7k,60.1k,60.5k,60.9k,61.3k,61.8k,62.5k,62.9k,63.3k,63.7k,64.2k,64.5k,64.9k,65.3k,65.6k,65.1k,64.6k,64.8k,65k,65.1k,65.2k,64.6k,63.9k,63.9k,63.9k,63.9k,63.8k,63.6k,63.5k
Bolivia,1.36M,1.4M,1.44M,1.49M,1.53M,1.57M,1.62M,1.67M,1.72M,1.77M,1.82M,1.88M,1.94M,2M,2.06M,2.12M,2.18M,2.28M,2.38M,2.49M,2.61M,2.72M,2.84M,2.97M,3.09M,3.23M,3.36M,3.5M,3.64M,3.79M,3.94M,4.1M,4.25M,4.38M,4.51M,4.64M,4.77M,4.9M,5.03M,5.17M,5.31M,5.45M,5.59M,5.73M,5.87M,6.02M,6.17M,6.32M,6.48M,6.63M,6.79M,6.95M,7.11M,7.27M,7.43M,7.58M,7.74M,7.9M,8.06M,8.22M,8.37M,8.51M,8.66M,8.82M
Brazil,33.7M,35.5M,37.3M,39.2M,41.2M,43.2M,45.2M,47.3M,49.5M,51.6M,53.9M,56.2M,58.6M,61M,63.5M,66.1M,68.7M,71.4M,74.2M,77.1M,80.1M,83.1M,86.1M,89.3M,92.4M,95.6M,98.7M,102M,105M,108M,111M,115M,118M,121M,124M,127M,130M,133M,136M,140M,143M,145M,148M,150M,152M,155M,157M,159M,161M,163M,166M,168M,170M,172M,174M,176M,178M,180M,182M,184M,186M,187M,189M,190M
Barbados,85.5k,86.1k,86.7k,87.3k,87.8k,88.3k,88.8k,89.2k,89.6k,90.1k,90.6k,91.6k,92.7k,93.8k,94.9k,96k,97.2k,98.3k,99.5k,101k,102k,101k,101k,101k,100k,99.9k,99.4k,98.8k,98.1k,97.4k,96.7k,96k,95.3k,94.7k,94k,93.3k,92.5k,91.7k,91k,90.2k,89.5k,89.2k,89.1k,88.9k,88.7k,88.5k,88.3k,88.1k,87.9k,87.8k,87.5k,87.3k,87.1k,87k,86.9k,86.9k,86.9k,87k,87.1k,87.3k,87.6k,87.9k,88.2k,88.6k
Brunei,37k,40.5k,44.2k,48.1k,52.3k,56.7k,61.3k,66.2k,71.3k,76.7k,82.2k,87.9k,91.7k,95.2k,98.8k,102k,106k,110k,114k,118k,122k,126k,131k,136k,141k,146k,151k,157k,163k,168k,174k,180k,186k,192k,199k,205k,212k,218k,225k,231k,238k,244k,250k,256k,262k,268k,274k,280k,286k,291k,297k,302k,308k,313k,318k,323k,328k,333k,337k,341k,346k,350k,354k,358k
Bhutan,7960,8610,9330,10.1k,11k,12k,13k,14.1k,15.4k,16.7k,18.2k,19.8k,21.6k,23.4k,25.5k,27.7k,30.2k,32.8k,35.7k,38.8k,42.1k,45.6k,49.5k,53.6k,58k,62.7k,67.8k,73.2k,79k,85.1k,91.5k,97.4k,98.1k,97.9k,102k,108k,115k,123k,130k,139k,149k,160k,171k,182k,194k,205k,214k,221k,229k,237k,245k,254k,262k,271k,279k,287k,296k,304k,312k,319k,327k,334k,342k,349k
Botswana,15.7k,16.2k,16.8k,17.4k,18.7k,21.9k,25.5k,29.7k,34.4k,40k,46.4k,54.4k,60.7k,68.2k,76.8k,86.5k,97.4k,110k,123k,138k,155k,172k,199k,230k,265k,304k,348k,395k,447k,503k,563k,625k,660k,691k,724k,756k,788k,821k,853k,886k,919k,953k,980k,1.01M,1.03M,1.06M,1.09M,1.14M,1.19M,1.25M,1.31M,1.36M,1.41M,1.45M,1.5M,1.55M,1.6M,1.65M,1.7M,1.75M,1.8M,1.85M,1.9M,1.95M
Central African Republic,338k,355k,373k,393k,413k,435k,458k,483k,510k,539k,568k,599k,630k,662k,695k,730k,755k,770k,786k,802k,818k,835k,852k,870k,888k,907k,927k,947k,971k,1M,1.03M,1.07M,1.11M,1.15M,1.18M,1.22M,1.26M,1.29M,1.33M,1.37M,1.41M,1.45M,1.49M,1.53M,1.56M,1.6M,1.64M,1.68M,1.72M,1.77M,1.81M,1.85M,1.88M,1.9M,1.92M,1.94M,1.99M,2.05M,2.11M,2.18M,2.25M,2.33M,2.41M,2.5M
Canada,12.4M,12.7M,13.1M,13.5M,13.9M,14.3M,14.8M,15.1M,15.5M,15.8M,16.1M,16.7M,16.9M,17.1M,17.3M,17.5M,17.7M,17.9M,18.1M,18.3M,18.5M,18.8M,19.1M,19.3M,19.5M,19.7M,20M,20.2M,20.5M,20.9M,21.2M,21.5M,21.8M,22.1M,22.5M,22.8M,23.1M,23.4M,23.7M,24M,24.4M,24.8M,25.1M,25.3M,25.6M,25.8M,26.1M,26.4M,26.8M,27.2M,27.5M,27.8M,28.2M,28.5M,28.8M,29M,29.4M,29.7M,30.2M,30.7M,31M,31.2M,31.8M,32.8M
Channel Islands,42.3k,42.4k,42.5k,42.6k,42.8k,42.9k,43.1k,43.3k,43.5k,43.6k,43.7k,43.7k,43.7k,43.5k,43.4k,43.2k,42.9k,42.5k,42.1k,41.7k,41.2k,41k,41.3k,41.7k,42.1k,42.5k,42.9k,43.2k,43.5k,43.9k,44.1k,44.3k,44.1k,44k,43.7k,43.5k,43.4k,43.7k,43.9k,44.1k,44.3k,44.5k,45k,45.4k,45.9k,46.3k,46.8k,47.3k,47.8k,48.3k,48.7k,49.1k,49.3k,49.6k,49.9k,50.2k,50.6k,51.1k,51.7k,52.4k,53k,53.6k,54.1k,54.6k
Switzerland,3.78M,3.87M,3.99M,4.09M,4.18M,4.24M,4.3M,4.37M,4.45M,4.51M,4.56M,4.6M,4.64M,4.67M,4.7M,4.7M,4.68M,4.67M,4.67M,4.68M,4.71M,4.73M,4.76M,4.77M,4.79M,4.8M,4.82M,4.85M,4.88M,4.92M,4.96M,5.02M,5.08M,5.12M,5.15M,5.19M,5.2M,5.21M,5.23M,5.25M,5.27M,5.3M,5.35M,5.39M,5.43M,5.46M,5.5M,5.55M,5.63M,5.7M,5.76M,5.83M,5.89M,5.96M,6.03M,6.11M,6.17M,6.23M,6.28M,6.33M,6.38M,6.44M,6.5M,6.57M
Chile,5.52M,5.71M,5.89M,6.08M,6.26M,6.45M,6.64M,6.82M,7.01M,7.2M,7.39M,7.58M,7.76M,7.95M,8.15M,8.34M,8.53M,8.73M,8.93M,9.12M,9.32M,9.52M,9.71M,9.86M,10M,10.2M,10.4M,10.5M,10.7M,10.9M,11.1M,11.3M,11.5M,11.7M,12M,12.2M,12.4M,12.6M,12.8M,13M,13.2M,13.4M,13.6M,13.7M,13.9M,14M,14.2M,14.3M,14.5M,14.6M,14.8M,15M,15.1M,15.3M,15.4M,15.6M,15.8M,16.1M,16.4M,16.7M,16.9M,17.1M,17.2M,17.3M
China,108M,110M,115M,121M,128M,129M,132M,134M,137M,140M,142M,145M,148M,152M,156M,159M,162M,165M,171M,180M,190M,200M,211M,220M,230M,240M,251M,263M,275M,288M,300M,314M,329M,343M,358M,373M,389M,404M,421M,437M,453M,472M,492M,512M,533M,554M,575M,596M,616M,637M,658M,679M,701M,723M,744M,766M,787M,809M,830M,849M,867M,883M,898M,911M
Cote d'Ivoire,656k,728k,808k,897k,994k,1.1M,1.18M,1.26M,1.35M,1.44M,1.54M,1.65M,1.78M,1.91M,2.05M,2.21M,2.4M,2.59M,2.8M,2.93M,3.06M,3.19M,3.33M,3.48M,3.63M,3.78M,3.93M,4.09M,4.26M,4.47M,4.69M,4.91M,5.15M,5.39M,5.64M,5.89M,6.16M,6.44M,6.72M,6.99M,7.25M,7.51M,7.78M,8.04M,8.31M,8.58M,8.85M,9.13M,9.41M,9.7M,10M,10.3M,10.6M,10.9M,11.3M,11.7M,12.1M,12.5M,12.9M,13.4M,13.9M,14.3M,14.8M,15.3M
Cameroon,713k,753k,799k,849k,903k,960k,1.02M,1.09M,1.16M,1.23M,1.31M,1.43M,1.56M,1.7M,1.85M,2.02M,2.18M,2.3M,2.43M,2.56M,2.72M,2.89M,3.04M,3.19M,3.36M,3.55M,3.75M,3.96M,4.14M,4.33M,4.53M,4.74M,4.95M,5.17M,5.39M,5.62M,5.86M,6.1M,6.35M,6.61M,6.87M,7.15M,7.44M,7.74M,8.06M,8.39M,8.72M,9.08M,9.45M,9.84M,10.2M,10.7M,11.1M,11.5M,12M,12.6M,13.1M,13.6M,14.1M,14.7M,15.2M,15.8M,16.4M,17M
"Congo, Dem. Rep.",3.41M,3.53M,3.66M,3.8M,3.94M,4.09M,4.25M,4.41M,4.59M,4.77M,4.96M,5.15M,5.34M,5.54M,5.74M,5.95M,6.17M,6.38M,6.65M,6.95M,7.23M,7.5M,7.78M,8.08M,8.4M,8.78M,9.18M,9.6M,10M,10.5M,11M,11.6M,12.1M,12.6M,13.4M,14.2M,14.7M,15.1M,15.7M,16.4M,17.1M,17.8M,18.6M,19.4M,20.3M,21.2M,22.2M,23.2M,24.3M,25.4M,26.6M,27.8M,29.2M,30.6M,32.1M,33.6M,35.3M,37M,38.7M,40.5M,42.4M,44.3M,46.4M,48.5M
"Congo, Rep.",334k,350k,368k,386k,405k,426k,448k,470k,494k,520k,547k,575k,605k,636k,669k,703k,736k,769k,804k,839k,875k,912k,950k,988k,1.03M,1.08M,1.12M,1.16M,1.21M,1.25M,1.3M,1.34M,1.39M,1.44M,1.49M,1.55M,1.6M,1.65M,1.7M,1.76M,1.84M,1.92M,1.99M,2.06M,2.14M,2.24M,2.34M,2.45M,2.55M,2.67M,2.81M,2.92M,3.02M,3.12M,3.22M,3.32M,3.42M,3.53M,3.64M,3.75M,3.87M,3.98M,4.1M,4.23M
Colombia,7.26M,7.72M,8.2M,8.71M,9.23M,9.65M,10.1M,10.5M,11M,11.4M,11.8M,12.3M,12.7M,13.2M,13.6M,14.1M,14.6M,15.1M,15.6M,16.1M,16.7M,17.3M,17.8M,18.4M,19M,19.7M,20.2M,20.8M,21.4M,22M,22.7M,23.3M,23.9M,24.5M,25.2M,25.8M,26.5M,27.1M,27.7M,28.4M,29M,29.6M,30.3M,30.9M,31.5M,32.1M,32.7M,33.3M,33.8M,34.4M,34.9M,35.5M,36M,36.6M,37.1M,37.6M,38.2M,38.9M,39.8M,40.7M,41.5M,42.1M,42.6M,42.9M
Comoros,24.5k,26.5k,28.7k,31.1k,33.7k,36.5k,39.5k,41.1k,43k,44.9k,47k,49.2k,51.5k,54k,56.7k,59.5k,62.5k,65.6k,69k,72.6k,76.2k,79.9k,83.6k,87.4k,91.4k,95.7k,100k,105k,110k,115k,120k,125k,129k,132k,134k,137k,140k,142k,145k,148k,151k,154k,156k,159k,162k,165k,168k,172k,176k,179k,184k,188k,193k,197k,203k,208k,214k,219k,225k,231k,237k,243k,250k,257k
Cape Verde,35k,36.4k,38.1k,40k,42k,44.1k,46.3k,48.6k,51.1k,53.6k,56.2k,58.4k,60.2k,61.8k,63.4k,65.2k,67k,68.7k,70.5k,72.3k,74.6k,80.4k,86.6k,93.1k,99.9k,107k,117k,127k,137k,149k,161k,168k,176k,184k,192k,201k,209k,218k,227k,236k,245k,253k,261k,269k,277k,284k,292k,300k,307k,315k,322k,329k,335k,342k,348k,355k,362k,369k,375k,382k,388k,395k,401k,407k
Costa Rica,461k,479k,498k,519k,546k,574k,602k,631k,660k,690k,721k,752k,784k,816k,844k,873k,904k,936k,969k,1M,1.04M,1.08M,1.12M,1.16M,1.2M,1.26M,1.32M,1.38M,1.45M,1.51M,1.58M,1.65M,1.72M,1.8M,1.87M,1.95M,2.03M,2.11M,2.19M,2.27M,2.35M,2.45M,2.55M,2.64M,2.74M,2.83M,2.93M,3.03M,3.12M,3.22M,3.32M,3.41M,3.5M,3.59M,3.68M,3.76M,3.84M,3.92M,4M,4.07M,4.14M,4.2M,4.25M,4.31M
Cuba,4.24M,4.35M,4.45M,4.56M,4.67M,4.79M,4.9M,5.01M,5.12M,5.23M,5.35M,5.5M,5.67M,5.82M,5.97M,6.11M,6.24M,6.36M,6.48M,6.58M,6.68M,6.78M,6.88M,6.98M,7.09M,7.2M,7.31M,7.43M,7.55M,7.67M,7.8M,7.89M,7.96M,8.02M,8.07M,8.12M,8.16M,8.21M,8.26M,8.31M,8.37M,8.42M,8.47M,8.51M,8.54M,8.56M,8.58M,8.6M,8.62M,8.63M,8.65M,8.66M,8.68M,8.7M,8.71M,8.72M,8.73M,8.73M,8.73M,8.73M,8.72M,8.7M,8.68M,8.68M
Cayman Islands,8470,8630,8800,8990,9170,9370,9570,9770,9980,10.2k,10.5k,11.1k,11.8k,12.4k,13.1k,13.8k,14.5k,15.1k,15.7k,16.4k,17.1k,17.9k,18.7k,19.6k,20.4k,21.3k,22.2k,23.1k,24k,24.9k,26k,27.3k,28.7k,30k,31.4k,32.8k,34.2k,35.6k,36.9k,38.3k,39.7k,41.1k,42.5k,43.9k,45.3k,46.7k,48.2k,49.6k,51.1k,52.6k,54.1k,55.5k,56.9k,58.2k,59.6k,60.9k,62.3k,63.6k,64.9k,66.1k,67.3k,68.1k,68.7k,69.3k
Cyprus,209k,215k,220k,226k,231k,236k,241k,246k,251k,256k,261k,266k,271k,278k,292k,305k,322k,340k,359k,379k,398k,418k,438k,452k,462k,473k,484k,495k,505k,516k,527k,537k,548k,560k,574k,587k,600k,613k,626k,638k,651k,664k,675k,686k,697k,708k,719k,730k,741k,752k,763k,772k,778k,783k,789k,795k,801k,808k,814k,821k,827k,832k,837k,844k
Czech Republic,5.72M,5.76M,5.83M,5.9M,5.99M,6.06M,6.14M,6.21M,6.27M,6.33M,6.35M,6.42M,6.56M,6.71M,6.87M,7.03M,7.19M,7.34M,7.49M,7.63M,7.75M,7.77M,7.78M,7.79M,7.79M,7.79M,7.79M,7.79M,7.8M,7.8M,7.77M,7.75M,7.74M,7.74M,7.73M,7.71M,7.69M,7.66M,7.64M,7.62M,7.59M,7.55M,7.53M,7.52M,7.51M,7.52M,7.53M,7.57M,7.62M,7.66M,7.67M,7.68M,7.69M,7.71M,7.72M,7.75M,7.77M,7.81M,7.84M,7.89M,7.92M,7.8M,7.94M,8.11M
Germany,52M,52.6M,53.1M,53.7M,54.1M,54.7M,55.2M,55.5M,55.8M,56.3M,56.5M,56.6M,57M,57.2M,57.3M,57.1M,56.9M,56.8M,56.8M,56.9M,57M,57.2M,57.3M,57.1M,56.8M,56.5M,56.4M,56.7M,57M,57.5M,58.1M,58.6M,59.1M,59.6M,60M,60.4M,60.7M,61M,61.2M,61.4M,61.6M,61.9M,62.2M,62.4M,62.5M,62.7M,62.8M,62.8M,62.9M,62.9M,62.9M,61.9M,62.1M,62.2M,62.5M,63.1M,63.6M,63.9M,64.1M,64.3M,64.4M,64.5M,65.1M,65.7M
Djibouti,43.2k,45.9k,49k,52.5k,56.6k,61k,65.8k,70.8k,76k,82.1k,89.2k,97k,106k,115k,127k,140k,156k,175k,195k,215k,234k,249k,263k,274k,286k,300k,319k,341k,364k,395k,438k,478k,475k,466k,475k,480k,492k,510k,531k,550k,568k,586k,605k,618k,628k,638k,651k,665k,679k,693k,708k,722k,736k,750k,765k,779k,793k,808k,822k,837k,851k,865k,879k,893k
Dominica,22.5k,22.9k,23.3k,23.6k,24k,24.3k,24.8k,25.2k,25.7k,26.1k,26.7k,27.4k,28.1k,28.9k,29.6k,30.4k,31.2k,32k,32.7k,33.4k,34.1k,34.9k,36k,37k,38.1k,39.2k,40.2k,41.2k,42.1k,43k,43.8k,44.6k,44.6k,44.7k,44.8k,44.9k,44.9k,44.9k,44.9k,44.8k,44.6k,44.6k,44.8k,45.2k,45.5k,45.7k,46k,46.2k,46.4k,46.6k,46.8k,47k,47.3k,47.5k,48.1k,48.7k,49k,49.4k,49.9k,50.6k,51.2k,51.7k,52.2k,52.6k
Denmark,3.37M,3.43M,3.49M,3.55M,3.61M,3.67M,3.72M,3.78M,3.83M,3.88M,3.93M,3.98M,4.03M,4.08M,4.12M,4.16M,4.19M,4.22M,4.25M,4.27M,4.29M,4.3M,4.3M,4.3M,4.31M,4.31M,4.32M,4.34M,4.34M,4.35M,4.36M,4.37M,4.39M,4.41M,4.42M,4.45M,4.47M,4.49M,4.51M,4.53M,4.54M,4.56M,4.58M,4.6M,4.62M,4.65M,4.68M,4.71M,4.75M,4.79M,4.82M,4.84M,4.87M,4.9M,4.93M,4.97M,5.02M,5.06M,5.09M,5.12M,5.14M,5.17M,5.22M,5.26M
Dominican Republic,996k,1.06M,1.13M,1.2M,1.28M,1.36M,1.44M,1.52M,1.61M,1.71M,1.8M,1.9M,2.01M,2.11M,2.22M,2.34M,2.45M,2.57M,2.7M,2.82M,2.95M,3.08M,3.19M,3.28M,3.37M,3.46M,3.55M,3.64M,3.74M,3.84M,3.94M,4.04M,4.14M,4.25M,4.38M,4.53M,4.68M,4.83M,4.98M,5.13M,5.27M,5.42M,5.57M,5.76M,5.97M,6.17M,6.38M,6.58M,6.79M,7M,7.21M,7.41M,7.6M,7.8M,7.99M,8.18M,8.36M,8.55M,8.73M,8.9M,9.08M,9.25M,9.42M,9.57M
Algeria,3.48M,3.69M,3.91M,4.15M,4.4M,4.66M,4.9M,5.03M,5.17M,5.31M,5.45M,5.6M,5.75M,5.91M,6.09M,6.34M,6.68M,7.01M,7.37M,7.75M,8.16M,8.6M,9.06M,9.55M,10.1M,10.6M,11.2M,11.7M,12.2M,12.8M,13.3M,13.8M,14.4M,14.9M,15.4M,15.9M,16.5M,17M,17.4M,17.9M,18.4M,18.9M,19.4M,20M,20.5M,21M,21.6M,22.2M,22.8M,23.5M,24.2M,24.9M,25.7M,26.4M,27.2M,28M,28.8M,29.6M,30.5M,31.3M,32M,32.8M,33.6M,34.3M
Ecuador,1.56M,1.64M,1.71M,1.79M,1.87M,1.96M,2.04M,2.13M,2.23M,2.32M,2.42M,2.53M,2.64M,2.75M,2.87M,3.01M,3.16M,3.32M,3.48M,3.65M,3.82M,4M,4.18M,4.37M,4.55M,4.74M,4.93M,5.13M,5.34M,5.55M,5.76M,5.95M,6.14M,6.32M,6.5M,6.68M,6.86M,7.05M,7.23M,7.42M,7.61M,7.81M,7.99M,8.16M,8.33M,8.5M,8.67M,8.85M,9.03M,9.21M,9.4M,9.58M,9.75M,9.93M,10.1M,10.3M,10.4M,10.6M,10.9M,11.1M,11.3M,11.5M,11.6M,11.8M
Egypt,10.2M,10.6M,11M,11.4M,11.8M,12.2M,12.7M,13.1M,13.5M,14M,14.4M,14.9M,15.3M,15.8M,16.3M,16.8M,17.3M,17.8M,18.2M,18.7M,19.2M,19.7M,20.2M,20.8M,21.4M,22M,22.6M,23.2M,23.8M,24.3M,24.9M,25.4M,25.9M,26.4M,27M,27.5M,28M,28.6M,29.2M,29.9M,30.5M,31.2M,31.9M,32.6M,33.3M,34M,34.7M,35.4M,36.1M,36.8M,37.5M,38.4M,39.2M,40.1M,41M,41.8M,42.6M,43.5M,44.3M,45.1M,46M,46.8M,47.7M,48.6M
Eritrea,97.4k,103k,109k,115k,122k,129k,136k,144k,149k,155k,161k,168k,174k,181k,189k,196k,204k,212k,220k,229k,239k,248k,258k,269k,281k,299k,319k,339k,361k,383k,406k,399k,390k,416k,444k,486k,527k,552k,578k,606k,636k,676k,722k,776k,833k,881k,923k,966k,1.02M,1.07M,1.11M,1.15M,1.18M,1.22M,1.25M,1.28M,1.31M,1.34M,1.38M,1.42M,1.47M,1.52M,1.57M,1.62M
Spain,17.2M,17.6M,18.1M,18.6M,19.1M,19.6M,20.1M,20.7M,21.2M,21.8M,22.3M,22.9M,23.4M,23.9M,24.4M,24.9M,25.4M,25.9M,26.4M,26.8M,27.3M,27.7M,27.9M,28.2M,28.4M,28.5M,28.7M,28.9M,29M,29.2M,29.3M,29.4M,29.6M,29.8M,30M,30.1M,30.3M,30.5M,30.6M,30.8M,30.9M,31.2M,31.7M,32.4M,33.1M,33.7M,34.4M,35.2M,35.8M,36.3M,36.5M,36.8M,36.9M,36.9M,36.9M,37M,37.1M,37.3M,37.6M,38M,38.3M,38.4M,38.8M,39.4M
Estonia,697k,714k,733k,753k,774k,794k,813k,829k,846k,865k,883k,902k,919k,936k,951k,966k,980k,995k,1.01M,1.02M,1.03M,1.04M,1.05M,1.06M,1.07M,1.08M,1.09M,1.1M,1.12M,1.12M,1.12M,1.11M,1.09M,1.06M,1.03M,1.01M,992k,979k,967k,967k,969k,961k,953k,946k,938k,931k,924k,918k,914k,910k,907k,902k,899k,898k,897k,900k,902k,905k,911k,916k,920k,924k,939k,954k
Ethiopia,1.4M,1.48M,1.57M,1.67M,1.77M,1.88M,1.99M,2.11M,2.21M,2.32M,2.43M,2.55M,2.67M,2.79M,2.92M,3.05M,3.19M,3.31M,3.43M,3.55M,3.64M,3.8M,4.02M,4.21M,4.4M,4.61M,4.84M,5.1M,5.41M,5.72M,6.04M,6.43M,6.82M,7.19M,7.58M,7.95M,8.31M,8.69M,9.07M,9.47M,9.88M,10.3M,10.7M,11.2M,11.7M,12.2M,12.7M,13.2M,13.9M,14.7M,15.5M,16.3M,17.2M,18M,18.9M,19.9M,20.9M,22M,23.1M,24.2M,25.4M,26.7M,28M,29.3M
Finland,2.45M,2.51M,2.57M,2.62M,2.68M,2.72M,2.77M,2.82M,2.87M,2.91M,2.93M,2.98M,3.03M,3.09M,3.14M,3.2M,3.24M,3.29M,3.34M,3.38M,3.43M,3.48M,3.54M,3.6M,3.66M,3.72M,3.77M,3.81M,3.86M,3.91M,3.96M,4M,4.04M,4.07M,4.11M,4.14M,4.16M,4.19M,4.21M,4.23M,4.25M,4.27M,4.29M,4.31M,4.33M,4.35M,4.37M,4.4M,4.43M,4.45M,4.49M,4.54M,4.59M,4.63M,4.65M,4.67M,4.69M,4.7M,4.71M,4.72M,4.73M,4.74M,4.76M,4.79M
Fiji,119k,125k,132k,139k,146k,153k,160k,166k,172k,178k,183k,189k,195k,200k,206k,211k,218k,224k,230k,237k,243k,251k,258k,265k,273k,280k,287k,297k,306k,316k,325k,333k,340k,347k,354k,360k,369k,376k,384k,391k,399k,406k,414k,421k,429k,436k,444k,451k,459k,466k,472k,479k,485k,491k,496k,502k,507k,512k,517k,521k,527k,534k,541k,550k
France,28.9M,29.5M,30.3M,31.2M,32.1M,33.1M,34M,34.9M,35.7M,36.2M,36.8M,37.3M,37.8M,38.3M,38.8M,39.2M,39.4M,39.6M,39.9M,40.1M,40.3M,40.6M,40.9M,41.2M,41.4M,41.7M,41.9M,42.2M,42.5M,42.7M,43M,43.5M,43.8M,44.1M,44.3M,44.6M,44.9M,45.1M,45.4M,45.7M,46.2M,46.7M,47.2M,47.7M,48.2M,48.7M,49.2M,49.7M,50.1M,50.6M,51M,51.4M,51.8M,52.2M,52.6M,53M,53.3M,53.7M,54M,54.4M,54.7M,55.1M,55.4M,55.7M
Faeroe Islands,7300,7660,8030,8420,8840,9290,9700,9950,10.2k,10.5k,10.7k,11k,11.4k,11.7k,12k,12.3k,12.7k,13k,13.2k,13.3k,13.4k,13.6k,13.7k,13.8k,13.9k,14k,14.1k,14.2k,14.3k,14.5k,14.5k,14.6k,14.7k,14.7k,14.7k,14.9k,15.4k,15.7k,16k,16.2k,16.6k,17.2k,17.8k,18.3k,18.8k,19.2k,19.4k,19.5k,19.6k,19.7k,19.8k,19.9k,19.9k,20k,20.1k,20.3k,20.7k,21.1k,21.4k,21.8k,22.2k,22.5k,22.7k,22.9k
"Micronesia, Fed. Sts.",9590,10.1k,10.5k,11k,11.5k,11.9k,12.5k,13k,13.5k,14.1k,14.6k,15.2k,15.8k,16.4k,16.9k,17.4k,17.8k,18.3k,18.9k,19.5k,20.2k,20.7k,21.3k,21.9k,22.4k,23k,23.6k,24.2k,24.6k,25.1k,25.5k,25.9k,26.4k,27.2k,27.8k,27.7k,27.1k,26.5k,26k,25.4k,24.9k,25k,25k,25k,24.9k,24.8k,24.6k,24.4k,24.3k,24.1k,24k,24.1k,24.2k,24.3k,24.4k,24.6k,24.8k,25k,25.2k,25.4k,25.7k,26.1k,26.5k,26.9k
Gabon,89.3k,95.2k,103k,111k,120k,130k,141k,152k,164k,177k,191k,208k,225k,244k,264k,285k,307k,331k,356k,382k,410k,438k,461k,484k,509k,534k,561k,588k,618k,648k,680k,712k,744k,778k,808k,839k,870k,902k,935k,969k,1M,1.04M,1.08M,1.12M,1.16M,1.2M,1.25M,1.3M,1.35M,1.4M,1.46M,1.53M,1.59M,1.66M,1.72M,1.79M,1.85M,1.9M,1.96M,2.01M,2.07M,2.12M,2.17M,2.22M
Isle of Man,26.9k,26.8k,27.1k,27.4k,27.8k,28.2k,28.6k,29.1k,29.7k,30.3k,30.9k,31.4k,31.4k,31.5k,31.5k,31.4k,31.4k,31.9k,32.3k,32.7k,33.2k,33.4k,33.5k,33.4k,33.4k,33.3k,33.5k,33.9k,34.5k,35.1k,35.6k,36.1k,36.4k,36.6k,36.8k,37k,37.3k,37.7k,38.2k,38.7k,39.2k,39.6k,40k,40.4k,40.8k,41.2k,41.7k,42.1k,42.6k,43.1k,43.6k,43.9k,43.9k,43.8k,43.8k,43.7k,43.7k,43.8k,44.1k,44.3k,44.5k,44.7k,45k,45.3k
UK,41.1M,41.4M,41.7M,41.9M,42.1M,42.3M,42.5M,42.6M,42.7M,42.8M,42.9M,43.1M,43.3M,43.5M,43.6M,43.7M,43.8M,43.8M,43.9M,44.1M,44.2M,44.3M,44.2M,44.2M,44.3M,44.3M,44.4M,44.5M,44.5M,44.6M,44.7M,44.9M,45M,45.2M,45.3M,45.5M,45.6M,45.8M,45.9M,46.1M,46.3M,46.6M,46.9M,47.3M,47.8M,48.3M,48.8M,49.4M,49.9M,50.5M,51M,51.6M,52.1M,52.7M,53.2M,53.8M,54.4M,54.9M,55.4M,55.9M,56.3M,56.4M,57.2M,57.9M
Georgia,1.57M,1.61M,1.66M,1.7M,1.74M,1.79M,1.83M,1.86M,1.9M,1.94M,1.98M,2.02M,2.06M,2.1M,2.13M,2.17M,2.21M,2.24M,2.28M,2.31M,2.35M,2.38M,2.42M,2.45M,2.49M,2.53M,2.57M,2.6M,2.64M,2.66M,2.64M,2.65M,2.66M,2.67M,2.62M,2.51M,2.41M,2.32M,2.25M,2.2M,2.15M,2.1M,2.09M,2.09M,2.09M,2.09M,2.1M,2.1M,2.11M,2.1M,2.1M,2.1M,2.1M,2.11M,2.12M,2.14M,2.16M,2.17M,2.18M,2.2M,2.21M,2.22M,2.24M,2.28M
Ghana,1.61M,1.69M,1.77M,1.86M,1.95M,2.04M,2.14M,2.24M,2.35M,2.46M,2.57M,2.66M,2.75M,2.85M,2.96M,3.07M,3.18M,3.3M,3.43M,3.56M,3.7M,3.83M,3.98M,4.13M,4.3M,4.49M,4.69M,4.91M,5.14M,5.38M,5.63M,5.89M,6.16M,6.43M,6.71M,7M,7.3M,7.61M,7.94M,8.28M,8.64M,9.01M,9.4M,9.8M,10.2M,10.6M,11.1M,11.5M,12M,12.5M,13M,13.5M,14M,14.5M,15.1M,15.6M,16.2M,16.7M,17.3M,17.9M,18.5M,19M,19.6M,20.2M
Gibraltar,21.8k,21.9k,22.2k,22.8k,23.3k,23.9k,24.5k,25k,25.6k,26.2k,26.7k,27.1k,27.3k,27.6k,27.8k,28k,28.2k,28.3k,28.5k,28.6k,28.7k,28.8k,28.9k,28.9k,28.8k,28.7k,28.5k,28.3k,28k,27.7k,27.3k,27k,26.9k,27.1k,27.3k,27.4k,27.5k,27.6k,27.6k,27.7k,27.7k,27.7k,27.9k,28.3k,28.7k,29.2k,29.6k,30k,30.4k,30.8k,31.3k,31.7k,32.2k,32.4k,32.5k,32.5k,32.6k,32.6k,32.6k,32.7k,32.7k,32.7k,32.6k,32.7k
Guinea,368k,391k,416k,442k,470k,499k,530k,563k,599k,636k,675k,715k,758k,802k,848k,895k,945k,997k,1.05M,1.11M,1.17M,1.24M,1.31M,1.38M,1.42M,1.47M,1.53M,1.58M,1.64M,1.7M,1.78M,1.87M,1.95M,2.04M,2.12M,2.2M,2.29M,2.36M,2.42M,2.5M,2.57M,2.63M,2.7M,2.78M,2.87M,2.95M,3.04M,3.13M,3.24M,3.35M,3.46M,3.58M,3.7M,3.82M,3.95M,4.09M,4.23M,4.38M,4.54M,4.7M,4.87M,5.04M,5.22M,5.4M
Gambia,48.5k,50.7k,52.9k,55.8k,61.1k,66.7k,72.8k,79.5k,86.7k,94.6k,103k,112k,122k,132k,141k,150k,159k,169k,180k,192k,204k,217k,231k,247k,264k,283k,303k,324k,347k,372k,399k,427k,457k,486k,512k,539k,566k,595k,625k,656k,688k,722k,756k,792k,827k,864k,903k,944k,987k,1.03M,1.08M,1.13M,1.18M,1.23M,1.28M,1.33M,1.39M,1.44M,1.5M,1.55M,1.61M,1.67M,1.73M,1.79M
Guinea-Bissau,78.6k,80.2k,82k,83.7k,83.8k,82.9k,82.7k,84k,86.4k,88k,89.5k,90.9k,92.1k,94.2k,98.4k,105k,113k,122k,131k,138k,148k,160k,172k,185k,199k,213k,229k,245k,263k,281k,300k,322k,340k,355k,370k,384k,396k,408k,420k,433k,446k,460k,476k,492k,509k,526k,545k,565k,585k,607k,629k,652k,676k,701k,727k,754k,780k,807k,835k,863k,891k,919k,948k,978k
Equatorial Guinea,68.3k,71.2k,72.8k,74.5k,76.3k,78.2k,80.2k,82.3k,84.4k,85.7k,85.4k,84.4k,82.9k,81.2k,79.4k,77.6k,75.9k,74.9k,75k,76.1k,78.7k,83k,88.6k,94.8k,104k,113k,123k,132k,141k,151k,162k,173k,184k,197k,210k,227k,246k,266k,287k,310k,336k,366k,396k,429k,463k,499k,538k,580k,624k,672k,722k,772k,824k,865k,908k,951k,995k,1.04M,1.08M,1.13M,1.17M,1.2M,1.24M,1.28M
Greece,4.66M,4.74M,4.84M,4.94M,5.03M,5.13M,5.24M,5.36M,5.47M,5.56M,5.65M,5.74M,5.82M,5.89M,5.96M,6.06M,6.2M,6.32M,6.45M,6.58M,6.69M,6.79M,6.85M,6.91M,6.96M,7.01M,7.05M,7.09M,7.14M,7.19M,7.29M,7.39M,7.46M,7.52M,7.57M,7.62M,7.66M,7.71M,7.77M,7.81M,7.86M,7.92M,7.99M,8.05M,8.11M,8.18M,8.25M,8.31M,8.37M,8.43M,8.48M,8.51M,8.51M,8.48M,8.46M,8.45M,8.45M,8.47M,8.49M,8.51M,8.53M,8.46M,8.38M,8.36M
Grenada,28.4k,29k,29.5k,29.9k,30.3k,30.7k,31.1k,31.3k,31.5k,31.7k,31.8k,31.8k,31.8k,31.7k,31.7k,31.6k,31.6k,31.5k,31.4k,31.3k,31.2k,31.4k,31.9k,32.5k,33k,33.4k,33.5k,33.5k,33.3k,33.1k,33.1k,33.4k,34.1k,34.7k,35.3k,35.9k,36.4k,36.9k,37.4k,37.9k,38.4k,38.8k,38.9k,39k,39.3k,39.6k,39.8k,40.1k,40.4k,40.6k,40.9k,41.2k,41.6k,42k,42.4k,42.8k,43.3k,43.7k,44.2k,44.7k,45.2k,45.7k,46.2k,46.8k
Greenland,19k,20.2k,21.5k,22.9k,24.3k,25.9k,27.3k,28.8k,30.5k,32.1k,33.8k,34.7k,35.6k,36.2k,36.7k,36.9k,37.1k,37k,37.1k,37.6k,38.2k,39k,39.6k,40.2k,40.9k,41.5k,41.9k,42.6k,43.3k,43.9k,44.3k,44.4k,44.4k,44.4k,44.8k,45.1k,45.3k,45.5k,45.6k,45.7k,45.9k,46.1k,46.5k,46.7k,47k,47.2k,47.2k,47.2k,47.2k,47.4k,48k,48.2k,48.4k,48.3k,48.3k,48.3k,48.5k,48.6k,48.6k,48.9k,49.2k,49.6k,49.7k,50k
Guatemala,1.28M,1.35M,1.42M,1.49M,1.56M,1.62M,1.68M,1.75M,1.81M,1.87M,1.94M,2M,2.07M,2.14M,2.21M,2.28M,2.35M,2.42M,2.5M,2.58M,2.67M,2.76M,2.86M,2.96M,3.07M,3.18M,3.3M,3.42M,3.54M,3.67M,3.8M,3.93M,4.07M,4.21M,4.35M,4.49M,4.64M,4.78M,4.93M,5.09M,5.25M,5.42M,5.59M,5.75M,5.91M,6.07M,6.24M,6.4M,6.57M,6.73M,6.9M,7.07M,7.24M,7.42M,7.6M,7.78M,7.96M,8.15M,8.35M,8.54M,8.74M,8.94M,9.14M,9.35M
Guam,36.3k,37.8k,39.5k,41.1k,42.8k,44.6k,46.4k,48.2k,50k,51.7k,54.7k,60.8k,66.8k,72.6k,78.1k,83.2k,87.9k,92.3k,96.2k,100k,103k,106k,108k,111k,113k,115k,117k,119k,122k,124k,126k,128k,131k,133k,136k,138k,141k,143k,145k,147k,149k,151k,152k,153k,153k,154k,154k,155k,155k,155k,155k,156k,157k,158k,158k,159k,159k,160k,160k,160k,161k,162k,163k,165k
Guyana,166k,171k,176k,181k,186k,190k,194k,198k,201k,204k,208k,211k,214k,217k,220k,223k,227k,230k,233k,235k,237k,237k,236k,235k,234k,232k,230k,228k,226k,223k,221k,219k,219k,219k,219k,219k,219k,219k,218k,218k,218k,217k,217k,215k,213k,211k,209k,207k,204k,202k,199k,196k,196k,197k,198k,200k,201k,203k,209k,213k,214k,216k,219k,221k
"Hong Kong, China",2.65M,2.7M,2.83M,2.94M,3.02M,3.11M,3.15M,3.24M,3.32M,3.38M,3.47M,3.56M,3.65M,3.77M,3.91M,4M,4.07M,4.15M,4.24M,4.49M,4.63M,4.76M,4.85M,4.94M,5M,5.07M,5.21M,5.41M,5.53M,5.63M,5.68M,5.74M,5.8M,5.9M,6.04M,6.16M,6.44M,6.49M,6.54M,6.61M,6.67M,6.71M,6.74M,6.73M,6.78M,6.81M,6.86M,6.92M,6.96M,6.97M,7.02M,7.07M,7.15M,7.18M,7.23M,7.29M,7.34M,7.39M,7.45M,7.51M,7.48M,7.41M,7.35M,7.54M
Honduras,473k,499k,526k,555k,586k,618k,651k,687k,724k,763k,804k,848k,894k,942k,990k,1.04M,1.09M,1.14M,1.2M,1.26M,1.32M,1.38M,1.45M,1.51M,1.58M,1.66M,1.73M,1.81M,1.89M,1.96M,2.04M,2.13M,2.22M,2.31M,2.4M,2.5M,2.6M,2.7M,2.8M,2.91M,3.03M,3.14M,3.27M,3.4M,3.54M,3.68M,3.81M,3.95M,4.1M,4.24M,4.38M,4.53M,4.68M,4.83M,4.98M,5.13M,5.28M,5.44M,5.59M,5.75M,5.91M,6.06M,6.22M,6.38M
Croatia,1.25M,1.29M,1.34M,1.39M,1.44M,1.5M,1.55M,1.61M,1.66M,1.72M,1.77M,1.82M,1.86M,1.9M,1.94M,1.98M,2.02M,2.06M,2.1M,2.14M,2.18M,2.21M,2.24M,2.26M,2.29M,2.32M,2.34M,2.37M,2.39M,2.42M,2.44M,2.41M,2.36M,2.38M,2.42M,2.42M,2.39M,2.39M,2.4M,2.4M,2.39M,2.31M,2.31M,2.32M,2.33M,2.34M,2.35M,2.36M,2.36M,2.37M,2.37M,2.37M,2.37M,2.37M,2.37M,2.36M,2.35M,2.34M,2.33M,2.33M,2.33M,2.25M,2.24M,2.26M
Haiti,608k,635k,663k,691k,720k,751k,784k,817k,852k,888k,925k,964k,986k,1.01M,1.03M,1.05M,1.07M,1.09M,1.11M,1.14M,1.16M,1.18M,1.21M,1.28M,1.36M,1.45M,1.55M,1.65M,1.75M,1.86M,1.97M,2.09M,2.22M,2.31M,2.39M,2.49M,2.58M,2.67M,2.77M,2.87M,2.98M,3.17M,3.37M,3.58M,3.74M,3.89M,4.04M,4.2M,4.36M,4.53M,4.68M,4.83M,5M,5.18M,5.36M,5.54M,5.72M,5.9M,6.09M,6.27M,6.45M,6.64M,6.81M,6.99M
Hungary,5.58M,5.65M,5.71M,5.77M,5.83M,5.89M,5.95M,6.01M,6.08M,6.15M,6.21M,6.28M,6.34M,6.4M,6.48M,6.56M,6.64M,6.72M,6.78M,6.84M,6.88M,6.9M,6.91M,6.92M,6.93M,6.93M,6.94M,6.95M,6.95M,6.9M,6.83M,6.82M,6.8M,6.78M,6.76M,6.74M,6.71M,6.68M,6.66M,6.62M,6.59M,6.59M,6.61M,6.63M,6.66M,6.69M,6.74M,6.78M,6.82M,6.86M,6.89M,6.92M,6.91M,6.92M,6.93M,6.94M,6.95M,6.96M,6.97M,7M,7.01M,7.01M,7M,6.99M
Indonesia,12.9M,13.5M,14.1M,14.7M,15.3M,16M,16.6M,17.3M,18.1M,18.9M,19.7M,20.5M,21.6M,22.8M,24M,25.3M,26.7M,28.1M,29.6M,31.1M,32.8M,34.6M,36.6M,38.8M,41M,43.3M,45.6M,48M,50.5M,53.1M,55.7M,58.6M,61.7M,64.8M,68.1M,71.5M,75M,78.6M,82.3M,86.1M,89.9M,92.9M,95.9M,98.9M,102M,105M,108M,112M,115M,118M,122M,125M,128M,132M,135M,138M,141M,145M,148M,151M,154M,157M,160M,163M
India,79.9M,82.3M,85.1M,88M,90.9M,93.9M,97M,100M,103M,107M,110M,114M,118M,123M,128M,133M,138M,144M,149M,155M,161M,167M,172M,178M,184M,190M,196M,202M,209M,216M,222M,229M,236M,243M,250M,257M,264M,271M,278M,286M,293M,301M,310M,319M,328M,338M,347M,356M,365M,374M,384M,393M,403M,413M,423M,434M,444M,455M,466M,477M,488M,498M,508M,520M
Ireland,1.28M,1.28M,1.29M,1.31M,1.32M,1.33M,1.35M,1.39M,1.43M,1.47M,1.52M,1.56M,1.6M,1.63M,1.67M,1.71M,1.75M,1.78M,1.82M,1.86M,1.89M,1.92M,1.94M,1.96M,1.98M,1.99M,2M,2M,2M,1.99M,2M,2.02M,2.04M,2.06M,2.07M,2.09M,2.12M,2.15M,2.18M,2.21M,2.25M,2.3M,2.35M,2.39M,2.45M,2.52M,2.6M,2.68M,2.74M,2.78M,2.81M,2.83M,2.85M,2.87M,2.9M,2.94M,2.98M,3.03M,3.07M,3.13M,3.17M,3.22M,3.29M,3.39M
Iran,7.22M,7.56M,7.92M,8.31M,8.72M,9.14M,9.59M,10.1M,10.6M,11.1M,11.7M,12.3M,13M,13.6M,14.3M,15M,15.8M,16.6M,17.4M,18.2M,19.1M,20.4M,21.7M,22.9M,24M,25.2M,26.5M,27.7M,28.8M,29.9M,31.4M,33M,34.2M,35M,35.6M,36.6M,37.6M,38.6M,39.7M,40.8M,42M,43.2M,44.1M,45M,46.2M,47.4M,48.6M,49.8M,50.9M,52.1M,53.2M,54.4M,55.5M,56.7M,58.2M,60M,61.5M,62.9M,64.1M,65.3M,66.2M,67.1M,68M,68.9M
Iraq,3.04M,3.23M,3.44M,3.68M,3.93M,4.19M,4.44M,4.68M,4.95M,5.22M,5.51M,5.81M,6.12M,6.45M,6.79M,7.13M,7.49M,7.86M,8.23M,8.58M,8.95M,9.31M,9.67M,10.1M,10.5M,10.8M,11.2M,11.6M,11.9M,12.2M,12.3M,12.4M,12.7M,13.3M,14M,14.4M,14.8M,15.3M,15.8M,16.3M,16.9M,17.4M,18M,18.6M,19.1M,19.7M,19.9M,19.7M,20.1M,20.9M,21.6M,22.4M,23.5M,24.7M,25.6M,26.4M,27.1M,27.8M,28.6M,29.4M,30.2M,31M,31.7M,32.6M
Iceland,141k,145k,148k,152k,155k,159k,163k,166k,169k,172k,174k,176k,179k,183k,186k,189k,192k,194k,196k,199k,201k,204k,208k,211k,214k,216k,218k,221k,226k,229k,231k,234k,238k,241k,243k,245k,247k,249k,252k,256k,260k,264k,266k,269k,271k,276k,283k,291k,296k,298k,298k,299k,300k,303k,307k,310k,314k,322k,331k,338k,344k,350k,359k,370k
Israel,1.62M,1.7M,1.81M,1.89M,1.99M,2.07M,2.15M,2.26M,2.33M,2.4M,2.5M,2.6M,2.69M,2.81M,2.91M,2.99M,3.08M,3.16M,3.24M,3.34M,3.44M,3.52M,3.6M,3.68M,3.73M,3.8M,3.87M,3.93M,4M,4.08M,4.21M,4.48M,4.64M,4.77M,4.9M,5.04M,5.18M,5.31M,5.44M,5.58M,5.74M,5.88M,6M,6.11M,6.23M,6.34M,6.46M,6.58M,6.7M,6.87M,7M,7.14M,7.27M,7.42M,7.57M,7.72M,7.88M,8.05M,8.21M,8.38M,8.53M,8.68M,8.87M,9.06M
Italy,29.8M,30.2M,30.7M,31.2M,31.7M,32.2M,32.7M,33.2M,33.7M,34.2M,34.6M,35M,35.4M,35.7M,36.1M,36.4M,36.7M,37M,37.2M,37.4M,37.6M,37.8M,37.8M,37.8M,37.8M,37.8M,37.8M,37.8M,37.8M,37.8M,37.8M,37.9M,37.9M,38M,38M,38M,38.1M,38.1M,38.2M,38.2M,38.3M,38.3M,38.4M,38.7M,39M,39.3M,39.5M,39.7M,40.1M,40.3M,40.5M,40.6M,40.9M,41.5M,42.1M,42.2M,42.4M,42.5M,42.6M,42.2M,42.2M,42.2M,42.2M,42.3M
Jamaica,555k,574k,593k,613k,634k,655k,677k,699k,722k,745k,768k,790k,812k,835k,859k,882k,904k,927k,950k,973k,998k,1.02M,1.05M,1.07M,1.09M,1.11M,1.13M,1.14M,1.15M,1.17M,1.18M,1.2M,1.21M,1.23M,1.25M,1.27M,1.29M,1.31M,1.32M,1.34M,1.35M,1.37M,1.38M,1.39M,1.4M,1.41M,1.43M,1.44M,1.45M,1.46M,1.47M,1.48M,1.49M,1.51M,1.52M,1.53M,1.54M,1.56M,1.57M,1.58M,1.59M,1.6M,1.61M,1.62M
Jordan,431k,467k,497k,524k,555k,593k,640k,696k,756k,816k,872k,921k,966k,1.01M,1.05M,1.09M,1.13M,1.17M,1.21M,1.26M,1.33M,1.42M,1.51M,1.62M,1.73M,1.84M,1.97M,2.1M,2.24M,2.39M,2.55M,2.73M,2.92M,3.13M,3.33M,3.49M,3.6M,3.7M,3.79M,3.87M,3.96M,4.04M,4.13M,4.23M,4.33M,4.51M,4.92M,5.33M,5.55M,5.76M,5.97M,6.2M,6.36M,6.86M,7.79M,8.57M,9.02M,9.27M,9.52M,9.76M,9.99M,10.2M,10.4M,10.4M
Japan,59M,60.4M,61.8M,63.4M,64.9M,66.5M,67.9M,69.4M,71M,72.7M,74.3M,76.8M,78.7M,80.7M,82.6M,84.5M,85.6M,86.5M,87.4M,88.2M,89M,89.7M,90.5M,91.3M,92M,92.7M,93.3M,93.9M,94.5M,95M,95.5M,96M,96.6M,97M,97.5M,97.9M,98.3M,98.7M,99.1M,99.4M,99.8M,102M,104M,106M,108M,110M,111M,113M,114M,115M,116M,116M,116M,116M,116M,116M,116M,116M,116M,116M,116M,115M,115M,115M
Kazakhstan,4.12M,4.31M,4.51M,4.71M,4.91M,5.13M,5.34M,5.56M,5.77M,5.98M,6.16M,6.32M,6.47M,6.62M,6.78M,6.92M,7.05M,7.19M,7.34M,7.5M,7.67M,7.86M,8.05M,8.26M,8.47M,8.63M,8.82M,9.04M,9.26M,9.16M,9.2M,9.24M,9.22M,9.17M,9.03M,8.84M,8.71M,8.58M,8.44M,8.36M,8.35M,8.35M,8.36M,8.4M,8.47M,8.55M,8.65M,8.77M,8.94M,9.13M,9.28M,9.42M,9.57M,9.72M,9.87M,10M,10.2M,10.3M,10.5M,10.7M,10.8M,11.1M,11.4M,11.6M
Kenya,571k,609k,650k,699k,753k,810k,873k,939k,1.01M,1.09M,1.18M,1.28M,1.39M,1.51M,1.63M,1.76M,1.9M,2.06M,2.22M,2.41M,2.52M,2.63M,2.75M,2.87M,3M,3.13M,3.26M,3.4M,3.54M,3.69M,3.88M,4.08M,4.28M,4.48M,4.69M,4.91M,5.13M,5.36M,5.6M,5.86M,6.14M,6.44M,6.75M,7.07M,7.41M,7.77M,8.14M,8.53M,8.93M,9.36M,9.79M,10.2M,10.7M,11.1M,11.6M,12M,12.5M,13M,13.5M,14M,14.6M,15.1M,15.7M,16.3M
Kyrgyz Republic,743k,779k,813k,849k,886k,923k,961k,1000k,1.04M,1.08M,1.11M,1.14M,1.17M,1.2M,1.23M,1.26M,1.29M,1.32M,1.35M,1.37M,1.4M,1.42M,1.45M,1.48M,1.5M,1.53M,1.56M,1.59M,1.61M,1.64M,1.66M,1.67M,1.68M,1.67M,1.65M,1.66M,1.67M,1.68M,1.69M,1.71M,1.73M,1.75M,1.76M,1.78M,1.8M,1.82M,1.84M,1.86M,1.88M,1.9M,1.92M,1.95M,1.99M,2.03M,2.08M,2.13M,2.19M,2.24M,2.3M,2.36M,2.43M,2.52M,2.61M,2.68M
Cambodia,570k,583k,598k,621k,644k,668k,693k,777k,871k,974k,1.07M,1.25M,1.48M,1.73M,2.01M,301k,304k,313k,333k,363k,614k,811k,863k,917k,972k,1.03M,1.09M,1.16M,1.23M,1.3M,1.39M,1.47M,1.58M,1.7M,1.8M,1.89M,1.98M,2.06M,2.14M,2.2M,2.25M,2.31M,2.36M,2.42M,2.48M,2.54M,2.6M,2.66M,2.73M,2.82M,2.91M,3.01M,3.11M,3.21M,3.32M,3.42M,3.53M,3.64M,3.75M,3.86M,3.97M,4.09M,4.21M,4.33M
Kiribati,7670,8170,8700,9260,9860,10.5k,11.1k,11.6k,12.1k,12.9k,13.8k,14.8k,15.9k,17k,17.7k,18k,18.3k,18.5k,18.8k,19.1k,19.6k,20.1k,20.6k,21.2k,21.7k,22.4k,23.1k,23.9k,24.7k,25.5k,26.3k,27k,27.7k,28.3k,29k,29.7k,31k,32.7k,34.4k,36.3k,38.2k,39.4k,40.2k,41k,41.9k,42.8k,44.1k,45.8k,47.5k,49.3k,51.2k,53k,54.8k,56.6k,58.4k,60.2k,62.2k,64.1k,66.1k,68.1k,70.3k,72.6k,74.9k,77.1k
St. Kitts and Nevis,15.7k,15.9k,16k,16.1k,16.1k,16.1k,16k,15.9k,15.7k,15.5k,15.4k,15.3k,15.3k,15.3k,15.4k,15.4k,15.4k,15.4k,15.5k,15.5k,15.5k,15.4k,15.2k,15.1k,15k,14.9k,14.7k,14.6k,14.4k,14.2k,14.1k,14k,14k,14.1k,14.2k,14.3k,14.4k,14.6k,14.7k,14.8k,14.9k,15k,15k,15k,15k,15k,14.9k,14.9k,14.9k,14.9k,14.8k,14.8k,14.8k,14.8k,14.8k,14.7k,14.7k,14.7k,14.7k,14.7k,14.7k,14.7k,14.8k,14.8k
South Korea,6.93M,7.35M,7.81M,8.29M,8.78M,9.29M,9.82M,10.5M,11.4M,12.2M,13.1M,13.9M,14.6M,15.4M,16.2M,16.9M,17.8M,18.7M,19.7M,20.6M,21.6M,22.6M,23.6M,24.6M,25.6M,26.5M,27.5M,28.5M,29.6M,30.6M,31.7M,32.5M,33.2M,33.9M,34.6M,35.3M,35.8M,36.3M,36.6M,37M,37.4M,37.9M,38.3M,38.6M,38.9M,39.2M,39.5M,39.7M,40.1M,40.4M,40.6M,40.9M,41.1M,41.2M,41.5M,41.6M,41.8M,41.9M,42M,42.2M,42.2M,42.1M,42.1M,42.1M
Kuwait,229k,257k,290k,326k,365k,407k,456k,510k,568k,628k,688k,742k,797k,853k,913k,980k,1.06M,1.15M,1.24M,1.33M,1.42M,1.5M,1.59M,1.68M,1.77M,1.85M,1.93M,2.01M,2.09M,2.16M,1.64M,1.31M,1.59M,1.62M,1.61M,1.62M,1.67M,1.74M,1.8M,1.86M,1.92M,1.99M,2.05M,2.1M,2.15M,2.24M,2.36M,2.51M,2.65M,2.8M,2.94M,3.14M,3.39M,3.65M,3.76M,3.91M,4.05M,4.12M,4.32M,4.44M,4.36M,4.25M,4.27M,4.31M
Lao,169k,174k,180k,186k,192k,198k,205k,217k,229k,243k,257k,273k,289k,305k,319k,334k,348k,362k,376k,392k,408k,426k,447k,468k,492k,516k,543k,572k,602k,633k,666k,700k,736k,773k,810k,856k,920k,985k,1.05M,1.12M,1.19M,1.27M,1.35M,1.43M,1.51M,1.59M,1.65M,1.71M,1.77M,1.84M,1.9M,1.97M,2.03M,2.1M,2.17M,2.25M,2.32M,2.41M,2.49M,2.57M,2.66M,2.74M,2.83M,2.92M
Lebanon,761k,816k,875k,936k,999k,1.06M,1.13M,1.2M,1.27M,1.34M,1.42M,1.49M,1.57M,1.65M,1.73M,1.8M,2.1M,2.41M,2.26M,2.1M,2.18M,2.27M,2.34M,2.4M,2.48M,2.56M,2.66M,2.76M,2.85M,2.92M,2.99M,3.06M,3.14M,3.21M,3.29M,3.36M,3.43M,3.51M,3.58M,3.65M,3.72M,3.78M,3.83M,3.89M,3.96M,4.02M,4.1M,4.18M,4.25M,4.32M,4.36M,4.41M,4.54M,4.99M,5.52M,5.64M,5.52M,5.4M,5.27M,5.13M,5.04M,4.98M,4.9M,4.79M
Liberia,212k,225k,238k,253k,268k,285k,302k,320k,339k,359k,381k,403k,427k,452k,479k,508k,538k,570k,605k,641k,679k,720k,761k,806k,866k,949k,1.04M,1.13M,1.22M,1.32M,1.22M,1.12M,1.13M,1.11M,1.04M,985k,947k,1.03M,1.15M,1.23M,1.28M,1.33M,1.38M,1.4M,1.43M,1.5M,1.6M,1.7M,1.78M,1.85M,1.92M,2.02M,2.1M,2.17M,2.23M,2.3M,2.37M,2.43M,2.5M,2.57M,2.65M,2.73M,2.81M,2.9M
Libya,390k,417k,447k,478k,511k,572k,638k,709k,784k,863k,948k,1.04M,1.13M,1.24M,1.33M,1.44M,1.55M,1.67M,1.8M,1.94M,2.08M,2.22M,2.38M,2.54M,2.68M,2.78M,2.87M,2.96M,3.04M,3.13M,3.21M,3.29M,3.37M,3.45M,3.52M,3.6M,3.67M,3.73M,3.8M,3.86M,3.94M,4.04M,4.14M,4.25M,4.37M,4.5M,4.61M,4.72M,4.84M,4.95M,5.07M,4.84M,4.61M,4.71M,4.82M,4.91M,5M,5.09M,5.19M,5.28M,5.37M,5.46M,5.54M,5.62M
St. Lucia,19.7k,20.1k,20.6k,21k,21.5k,22k,22.5k,23k,23.5k,24k,24.6k,25.3k,26k,26.7k,27.4k,28.1k,28.9k,29.7k,30.5k,31.4k,32.3k,33.2k,34.2k,35.1k,36.1k,37.1k,38k,39k,39.9k,40.8k,41.8k,42.7k,43k,43.3k,43.6k,43.8k,44k,44.1k,44.2k,44.3k,44.3k,44.1k,42.6k,41.1k,39.6k,38.2k,36.7k,35.3k,33.9k,32.6k,31.5k,31.8k,31.9k,32.1k,32.3k,32.5k,32.7k,33k,33.2k,33.5k,33.8k,34k,34.3k,34.6k
Liechtenstein,3370,3420,3460,3510,3550,3600,3650,3710,3770,3840,3890,3950,4020,4080,4150,4220,4290,4360,4430,4500,4570,4610,4640,4660,4690,4720,4750,4780,4810,4840,4870,4910,4950,5000,5040,5090,5110,5080,5050,5030,5000,4990,5020,5050,5080,5100,5120,5140,5160,5180,5200,5220,5250,5280,5310,5340,5380,5420,5470,5530,5590,5650,5720,5790
Sri Lanka,1.61M,1.66M,1.72M,1.78M,1.83M,1.89M,1.94M,2M,2.06M,2.12M,2.18M,2.24M,2.3M,2.36M,2.41M,2.47M,2.53M,2.59M,2.65M,2.72M,2.78M,2.84M,2.88M,2.92M,2.96M,3M,3.03M,3.07M,3.11M,3.15M,3.19M,3.23M,3.26M,3.3M,3.33M,3.36M,3.38M,3.4M,3.42M,3.43M,3.45M,3.47M,3.51M,3.54M,3.57M,3.6M,3.63M,3.67M,3.7M,3.74M,3.77M,3.8M,3.82M,3.85M,3.87M,3.9M,3.92M,3.95M,4M,4.05M,4.1M,4.18M,4.22M,4.23M
Lesotho,25.9k,30.1k,35k,40.7k,47.2k,54.8k,62.7k,68.2k,74.4k,81k,88.1k,95.8k,104k,112k,122k,132k,141k,146k,151k,156k,161k,167k,172k,178k,184k,190k,198k,211k,224k,237k,251k,266k,281k,296k,312k,328k,344k,356k,368k,380k,391k,401k,411k,421k,431k,440k,451k,462k,475k,488k,502k,516k,528k,541k,555k,570k,586k,602k,619k,636k,654k,673k,690k,709k
Lithuania,1.1M,1.14M,1.19M,1.23M,1.28M,1.32M,1.37M,1.42M,1.46M,1.51M,1.56M,1.61M,1.67M,1.73M,1.78M,1.84M,1.89M,1.95M,2.01M,2.05M,2.09M,2.13M,2.17M,2.21M,2.26M,2.31M,2.35M,2.41M,2.46M,2.49M,2.5M,2.5M,2.5M,2.48M,2.46M,2.44M,2.42M,2.4M,2.38M,2.36M,2.34M,2.32M,2.3M,2.28M,2.25M,2.21M,2.18M,2.16M,2.14M,2.11M,2.07M,2.02M,2M,1.98M,1.97M,1.95M,1.93M,1.91M,1.9M,1.9M,1.9M,1.91M,1.94M,1.97M
Luxembourg,218k,222k,226k,230k,234k,239k,242k,244k,247k,249k,252k,257k,262k,267k,272k,277k,281k,283k,286k,289k,291k,294k,294k,295k,295k,296k,297k,299k,302k,305k,309k,314k,320k,325k,332k,339k,343k,347k,352k,359k,367k,375k,381k,387k,395k,403k,411k,420k,429k,439k,449k,461k,474k,487k,500k,514k,526k,541k,553k,566k,577k,587k,600k,616k
Latvia,1.12M,1.16M,1.19M,1.22M,1.26M,1.29M,1.32M,1.34M,1.38M,1.4M,1.43M,1.46M,1.49M,1.52M,1.55M,1.58M,1.6M,1.63M,1.65M,1.67M,1.69M,1.7M,1.71M,1.73M,1.75M,1.77M,1.79M,1.81M,1.83M,1.85M,1.84M,1.83M,1.8M,1.76M,1.74M,1.71M,1.69M,1.67M,1.65M,1.63M,1.61M,1.59M,1.57M,1.55M,1.54M,1.52M,1.51M,1.49M,1.48M,1.45M,1.42M,1.4M,1.38M,1.37M,1.35M,1.34M,1.33M,1.32M,1.31M,1.31M,1.3M,1.29M,1.29M,1.29M
"Macao, China",169k,170k,178k,185k,193k,201k,209k,217k,225k,233k,240k,243k,242k,242k,242k,242k,242k,242k,242k,242k,242k,245k,254k,264k,275k,286k,298k,310k,323k,336k,349k,362k,372k,380k,388k,396k,404k,412k,419k,426k,432k,439k,450k,463k,476k,489k,502k,515k,529k,543k,557k,571k,583k,593k,604k,615k,627k,639k,651k,664k,676k,687k,695k,704k
Morocco,3.46M,3.61M,3.76M,3.93M,4.09M,4.26M,4.45M,4.64M,4.84M,5.05M,5.27M,5.49M,5.74M,5.99M,6.26M,6.53M,6.82M,7.12M,7.43M,7.76M,8.11M,8.47M,8.85M,9.23M,9.61M,10M,10.4M,10.8M,11.1M,11.5M,11.9M,12.3M,12.7M,13.1M,13.4M,13.7M,14M,14.3M,14.6M,14.9M,15.2M,15.5M,15.8M,16.1M,16.4M,16.8M,17.2M,17.6M,18M,18.4M,18.8M,19.3M,19.7M,20.2M,20.6M,21.1M,21.5M,22M,22.4M,22.9M,23.3M,23.8M,24.2M,24.6M
Monaco,21.8k,21.9k,22.1k,22.4k,22.8k,23k,23.2k,23.3k,23.5k,23.9k,24.3k,24.6k,24.9k,25.1k,25.3k,25.5k,25.9k,26.2k,26.6k,26.8k,27.1k,27.3k,27.6k,28k,28.4k,28.8k,29.2k,29.5k,29.8k,30.1k,30.3k,30.6k,30.8k,31k,31.3k,31.5k,31.7k,32k,32.2k,32.4k,32.5k,32.4k,32.4k,32.3k,32.2k,32.1k,32k,31.8k,31.9k,32.4k,33.2k,33.9k,34.7k,35.4k,36.1k,36.8k,37.1k,37k,37k,37k,36.9k,36.7k,36.5k,36.3k
Moldova,486k,515k,545k,575k,605k,634k,665k,695k,726k,758k,788k,816k,846k,876k,907k,938k,971k,1M,1.04M,1.07M,1.1M,1.13M,1.16M,1.19M,1.22M,1.26M,1.29M,1.33M,1.36M,1.38M,1.39M,1.39M,1.39M,1.38M,1.38M,1.37M,1.36M,1.34M,1.33M,1.32M,1.3M,1.29M,1.27M,1.26M,1.25M,1.24M,1.23M,1.23M,1.22M,1.22M,1.22M,1.22M,1.22M,1.22M,1.21M,1.21M,1.19M,1.17M,1.15M,1.14M,1.13M,1.12M,1.1M,1.08M
Madagascar,540k,571k,604k,639k,676k,716k,757k,797k,841k,887k,936k,994k,1.06M,1.12M,1.19M,1.26M,1.33M,1.41M,1.49M,1.57M,1.66M,1.75M,1.84M,1.94M,2.05M,2.16M,2.27M,2.39M,2.52M,2.66M,2.8M,2.95M,3.12M,3.29M,3.43M,3.58M,3.73M,3.89M,4.05M,4.22M,4.4M,4.58M,4.76M,4.95M,5.15M,5.41M,5.69M,5.99M,6.29M,6.61M,6.94M,7.28M,7.63M,7.99M,8.36M,8.75M,9.14M,9.56M,9.98M,10.4M,10.9M,11.3M,11.8M,12.3M
Maldives,10.2k,10.6k,10.9k,11.2k,11.5k,12k,12.4k,12.8k,13.4k,14k,14.7k,16.3k,18.2k,20.2k,22.3k,24.8k,27.4k,30.3k,32.7k,34.6k,36.7k,38.9k,41.1k,43.5k,46k,48.5k,50.4k,52.4k,54.3k,56.2k,58.1k,59.8k,61.5k,63.1k,64.5k,66.2k,68.6k,71k,73.3k,75.5k,78.3k,82.9k,87.8k,92.9k,98.2k,104k,109k,114k,120k,126k,132k,138k,144k,151k,159k,168k,177k,186k,195k,203k,209k,214k,218k,219k
Mexico,18.4M,19.3M,20.3M,21.3M,22.4M,23.5M,24.6M,25.8M,27.1M,28.4M,29.7M,31M,32.4M,33.8M,35.3M,36.8M,38.4M,40M,41.6M,43.3M,44.9M,46.3M,47.6M,49M,50.3M,51.6M,52.9M,54.3M,55.6M,56.9M,58.4M,59.9M,61.4M,62.9M,64.5M,66M,67.5M,68.9M,70.3M,71.7M,73.1M,74.6M,76.1M,77.5M,79M,80.5M,81.9M,83.3M,84.7M,86.1M,87.6M,89.2M,90.8M,92.3M,93.8M,95.3M,96.7M,98.1M,99.4M,101M,102M,103M,104M,105M
Marshall Islands,5470,5860,6290,6740,7230,7750,8290,8970,10.1k,11.5k,12.8k,13.8k,14.7k,15.6k,16k,16.4k,16.8k,17.3k,17.7k,18.2k,18.6k,19.5k,20.6k,21.7k,22.9k,24.1k,25.4k,26.7k,28.1k,29.1k,30k,30.8k,31.6k,32.3k,33.1k,33.8k,34.6k,35.3k,36k,36.6k,37.2k,37.6k,37.9k,38.2k,38.5k,38.7k,38.8k,39k,39.1k,39.2k,39.3k,39.2k,38.9k,38.5k,38k,37.5k,36.8k,36.2k,35.4k,34.6k,33.8k,32.9k,32.6k,33.1k
North Macedonia,497k,522k,546k,571k,597k,625k,653k,683k,714k,747k,780k,810k,831k,852k,874k,897k,920k,944k,969k,994k,1.02M,1.05M,1.07M,1.08M,1.1M,1.11M,1.13M,1.14M,1.16M,1.17M,1.18M,1.19M,1.19M,1.18M,1.19M,1.18M,1.18M,1.18M,1.18M,1.19M,1.19M,1.19M,1.17M,1.17M,1.16M,1.15M,1.14M,1.14M,1.13M,1.12M,1.11M,1.11M,1.1M,1.1M,1.1M,1.1M,1.1M,1.1M,1.09M,1.09M,1.09M,1.08M,1.08M,1.08M
Mali,592k,616k,641k,667k,694k,722k,751k,782k,814k,847k,882k,918k,957k,998k,1.04M,1.09M,1.13M,1.18M,1.24M,1.3M,1.36M,1.43M,1.5M,1.57M,1.65M,1.72M,1.8M,1.87M,1.94M,2.01M,2.09M,2.17M,2.25M,2.34M,2.43M,2.53M,2.63M,2.74M,2.86M,3.02M,3.19M,3.37M,3.56M,3.77M,3.99M,4.23M,4.47M,4.73M,5.01M,5.29M,5.59M,5.9M,6.21M,6.53M,6.88M,7.24M,7.63M,8.03M,8.44M,8.87M,9.32M,9.79M,10.3M,10.8M
Malta,294k,293k,292k,290k,289k,286k,283k,279k,276k,273k,271k,272k,271k,271k,271k,273k,274k,276k,278k,281k,284k,286k,293k,297k,297k,302k,308k,310k,313k,317k,320k,329k,333k,337k,340k,343k,346k,350k,354k,357k,360k,364k,368k,371k,375k,378k,380k,382k,385k,388k,390k,392k,396k,402k,410k,420k,430k,442k,459k,477k,488k,492k,504k,525k
Myanmar,4.18M,4.34M,4.52M,4.7M,4.89M,5.09M,5.3M,5.52M,5.75M,5.98M,6.23M,6.48M,6.74M,6.97M,7.11M,7.26M,7.41M,7.55M,7.71M,7.86M,8.02M,8.18M,8.34M,8.52M,8.76M,8.99M,9.22M,9.45M,9.68M,9.9M,10.1M,10.3M,10.6M,10.8M,11M,11.2M,11.4M,11.6M,11.9M,12.1M,12.3M,12.5M,12.7M,12.9M,13.1M,13.3M,13.5M,13.7M,13.9M,14.1M,14.3M,14.5M,14.7M,14.9M,15.1M,15.4M,15.6M,15.9M,16.1M,16.4M,16.6M,16.9M,17.2M,17.5M
Montenegro,90.3k,95.8k,102k,108k,114k,119k,123k,127k,130k,133k,138k,143k,150k,157k,165k,173k,180k,188k,195k,203k,211k,220k,229k,238k,248k,256k,264k,271k,278k,284k,291k,298k,306k,313k,320k,326k,332k,338k,343k,349k,354k,362k,369k,377k,381k,384k,386k,389k,392k,395k,397k,400k,402k,405k,407k,409k,412k,414k,416k,418k,419k,420k,421k,422k
Mongolia,349k,381k,415k,442k,459k,478k,497k,517k,538k,559k,583k,608k,634k,662k,692k,723k,755k,788k,821k,853k,884k,916k,949k,983k,1.02M,1.06M,1.1M,1.14M,1.18M,1.21M,1.23M,1.25M,1.27M,1.29M,1.31M,1.32M,1.34M,1.35M,1.36M,1.38M,1.4M,1.44M,1.48M,1.52M,1.56M,1.6M,1.64M,1.68M,1.73M,1.78M,1.83M,1.86M,1.9M,1.94M,1.98M,2.02M,2.07M,2.12M,2.17M,2.22M,2.26M,2.3M,2.34M,2.38M
Northern Mariana Islands,4460,4730,5020,5330,5660,6010,6370,6610,6740,6710,7110,8190,9550,10.9k,11.8k,12.3k,12.8k,13.3k,13.7k,14.2k,15.3k,17.3k,19.8k,22.5k,25.3k,28.3k,31.4k,34.6k,37.8k,41.1k,43.1k,43.3k,43.2k,43k,42.8k,43.6k,47.8k,54.6k,61.6k,68.6k,72.4k,71.7k,69.7k,67.5k,65.1k,62.5k,59.9k,57.2k,54.5k,51.8k,49.2k,47.8k,47.7k,47.5k,47.3k,47.1k,46.8k,46.4k,46.1k,45.7k,45.5k,45.5k,45.6k,45.9k
Mozambique,466k,488k,512k,537k,563k,591k,621k,652k,685k,719k,756k,802k,857k,917k,983k,1.05M,1.13M,1.22M,1.31M,1.41M,1.5M,1.64M,1.79M,1.96M,2.13M,2.32M,2.52M,2.7M,2.87M,3.08M,3.33M,3.46M,3.59M,3.76M,4.02M,4.29M,4.5M,4.71M,4.86M,5.01M,5.17M,5.33M,5.51M,5.69M,5.87M,6.06M,6.26M,6.46M,6.74M,7.03M,7.34M,7.68M,8.04M,8.42M,8.82M,9.23M,9.67M,10.1M,10.6M,11.1M,11.6M,12.1M,12.6M,13.1M
Mauritania,57.7k,64.1k,71.2k,79k,87.8k,97.4k,108k,120k,133k,148k,163k,181k,200k,221k,243k,268k,295k,322k,350k,380k,412k,447k,484k,524k,566k,611k,659k,709k,754k,771k,789k,810k,839k,871k,899k,921k,937k,955k,978k,1M,1.03M,1.07M,1.11M,1.16M,1.21M,1.27M,1.32M,1.38M,1.45M,1.52M,1.59M,1.67M,1.76M,1.85M,1.93M,2.02M,2.11M,2.2M,2.29M,2.39M,2.49M,2.59M,2.7M,2.81M
Mauritius,238k,244k,256k,268k,280k,292k,304k,316k,328k,340k,352k,364k,376k,379k,383k,388k,392k,396k,399k,404k,409k,413k,416k,418k,425k,432k,438k,445k,451k,458k,465k,469k,473k,478k,483k,486k,489k,494k,498k,503k,506k,509k,511k,514k,516k,517k,518k,519k,520k,520k,520k,519k,519k,519k,518k,518k,517k,517k,516k,516k,516k,516k,515k,515k
Malawi,159k,166k,174k,183k,192k,201k,210k,225k,242k,261k,280k,301k,324k,348k,375k,404k,436k,471k,502k,533k,567k,604k,643k,685k,729k,775k,823k,883k,957k,1.03M,1.1M,1.17M,1.24M,1.29M,1.31M,1.34M,1.41M,1.47M,1.54M,1.59M,1.64M,1.69M,1.74M,1.8M,1.86M,1.92M,1.99M,2.06M,2.13M,2.21M,2.29M,2.37M,2.46M,2.56M,2.66M,2.76M,2.87M,2.99M,3.11M,3.24M,3.38M,3.52M,3.67M,3.83M
Malaysia,2.08M,2.2M,2.32M,2.45M,2.58M,2.72M,2.86M,3M,3.14M,3.29M,3.45M,3.62M,3.79M,3.98M,4.17M,4.37M,4.59M,4.81M,5.05M,5.3M,5.56M,5.81M,6.07M,6.34M,6.63M,6.93M,7.26M,7.61M,7.97M,8.34M,8.72M,9.11M,9.6M,10.1M,10.7M,11.2M,11.8M,12.4M,13M,13.6M,14.2M,14.8M,15.4M,16M,16.6M,17.3M,17.9M,18.5M,19.2M,19.8M,20.4M,20.9M,21.4M,22M,22.5M,23.1M,23.6M,24.1M,24.6M,25.1M,25.6M,26.1M,26.5M,27M
Namibia,106k,110k,115k,120k,126k,132k,138k,145k,152k,160k,168k,175k,183k,191k,199k,207k,216k,224k,231k,237k,245k,250k,258k,267k,277k,288k,300k,313k,328k,353k,379k,395k,414k,435k,457k,479k,500k,522k,544k,566k,589k,611k,638k,665k,692k,719k,747k,776k,807k,840k,874k,909k,947k,987k,1.03M,1.07M,1.11M,1.16M,1.2M,1.25M,1.3M,1.34M,1.39M,1.43M
New Caledonia,29.5k,31.5k,33.5k,35.7k,38k,40.4k,43.1k,46k,48.9k,52.5k,57.4k,62.4k,66.3k,68.9k,71.2k,73.1k,74.9k,76.5k,77.9k,79k,80.4k,82.5k,84.8k,87k,89k,90.9k,92.8k,94.9k,97k,99.2k,102k,105k,108k,111k,114k,117k,119k,123k,126k,129k,132k,135k,139k,142k,145k,149k,152k,156k,160k,164k,168k,172k,176k,181k,185k,187k,189k,190k,192k,193k,194k,194k,195k,195k
Niger,203k,212k,223k,239k,257k,276k,296k,322k,349k,379k,411k,445k,481k,521k,564k,610k,660k,714k,757k,792k,830k,869k,911k,953k,998k,1.04M,1.09M,1.14M,1.2M,1.24M,1.29M,1.33M,1.38M,1.44M,1.49M,1.55M,1.61M,1.67M,1.74M,1.81M,1.88M,1.96M,2.02M,2.1M,2.17M,2.25M,2.33M,2.42M,2.51M,2.6M,2.7M,2.8M,2.91M,3.02M,3.14M,3.27M,3.41M,3.55M,3.71M,3.87M,4.05M,4.23M,4.43M,4.64M
Nigeria,6.92M,7.17M,7.43M,7.69M,7.97M,8.26M,8.57M,8.87M,9.19M,9.52M,9.87M,10.3M,10.8M,11.3M,11.8M,12.4M,13.1M,13.7M,14.5M,15.2M,16M,17M,18.1M,19.1M,20.2M,21.4M,22.7M,24M,25.3M,26.7M,28.3M,29.5M,30.7M,32M,33.4M,34.8M,36.3M,37.8M,39.4M,41.1M,42.8M,45M,47.3M,49.7M,52.3M,54.9M,57.6M,60.5M,63.5M,66.7M,70M,73.4M,77M,80.6M,84.3M,88M,91.8M,95.8M,99.9M,104M,108M,113M,117M,121M
Nicaragua,708k,738k,770k,804k,846k,890k,937k,986k,1.04M,1.09M,1.15M,1.21M,1.25M,1.3M,1.35M,1.4M,1.45M,1.5M,1.56M,1.61M,1.66M,1.72M,1.78M,1.83M,1.89M,1.94M,2M,2.06M,2.12M,2.18M,2.24M,2.31M,2.37M,2.44M,2.51M,2.57M,2.63M,2.68M,2.73M,2.78M,2.83M,2.87M,2.92M,2.96M,3M,3.05M,3.1M,3.16M,3.21M,3.27M,3.33M,3.39M,3.46M,3.52M,3.58M,3.65M,3.71M,3.78M,3.85M,3.92M,3.99M,4.06M,4.14M,4.22M
Netherlands,6.86M,6.99M,7.11M,7.23M,7.35M,7.47M,7.59M,7.7M,7.8M,7.92M,8.04M,8.17M,8.29M,8.41M,8.52M,8.63M,8.75M,8.84M,8.94M,9.05M,9.16M,9.28M,9.38M,9.47M,9.57M,9.67M,9.78M,9.9M,10M,10.1M,10.3M,10.4M,10.7M,10.9M,11.1M,11.3M,11.4M,11.6M,11.8M,12M,12.2M,12.5M,12.8M,13M,13.3M,13.5M,13.7M,13.8M,14M,14.3M,14.5M,14.7M,14.8M,15M,15.1M,15.3M,15.4M,15.6M,15.8M,15.9M,16.1M,16.2M,16.4M,16.7M
Curaçao,93.3k,94.7k,96.9k,99.3k,102k,104k,105k,107k,109k,111k,114k,116k,117k,117k,118k,120k,120k,121k,120k,120k,121k,122k,124k,125k,126k,127k,128k,127k,126k,124k,123k,123k,123k,124k,126k,127k,129k,131k,129k,126k,121k,117k,117k,120k,122k,125k,128k,130k,132k,132k,134k,135k,136k,138k,139k,141k,143k,143k,142k,140k,138k,136k,134k,132k
Norway,1.79M,1.84M,1.92M,1.99M,2.07M,2.14M,2.22M,2.3M,2.38M,2.46M,2.53M,2.58M,2.62M,2.66M,2.7M,2.73M,2.76M,2.8M,2.83M,2.85M,2.88M,2.9M,2.92M,2.93M,2.95M,2.96M,2.98M,3M,3.02M,3.04M,3.05M,3.08M,3.11M,3.15M,3.19M,3.22M,3.24M,3.28M,3.32M,3.37M,3.41M,3.45M,3.48M,3.52M,3.55M,3.59M,3.63M,3.68M,3.74M,3.81M,3.87M,3.94M,4.01M,4.08M,4.15M,4.21M,4.27M,4.32M,4.37M,4.42M,4.46M,4.51M,4.57M,4.64M
Nepal,354k,370k,382k,394k,407k,420k,434k,448k,463k,478k,495k,512k,548k,587k,628k,673k,720k,771k,827k,886k,950k,1.02M,1.08M,1.15M,1.22M,1.3M,1.37M,1.46M,1.54M,1.64M,1.74M,1.85M,1.98M,2.13M,2.27M,2.43M,2.59M,2.75M,2.92M,3.1M,3.29M,3.48M,3.61M,3.73M,3.86M,3.98M,4.1M,4.22M,4.33M,4.44M,4.55M,4.66M,4.77M,4.88M,4.99M,5.12M,5.28M,5.45M,5.63M,5.81M,6.04M,6.31M,6.55M,6.77M
Nauru,4580,4750,4950,5200,5480,5800,6020,6110,6290,6510,6660,6780,6880,6990,7100,7200,7310,7440,7540,7590,7640,7690,7670,7830,8130,8310,8530,8760,9020,9310,9600,9900,10.1k,10.2k,10.3k,10.3k,10.3k,10.4k,10.4k,10.4k,10.4k,10.4k,10.4k,10.3k,10.3k,10.3k,10.3k,10.3k,10.2k,10.2k,10.2k,10.3k,10.4k,10.7k,10.9k,11.2k,11.4k,11.7k,11.9k,12.1k,12.3k,12.5k,12.7k,12.8k
New Zealand,1.8M,1.85M,1.91M,1.97M,2.02M,2.07M,2.13M,2.18M,2.21M,2.24M,2.28M,2.32M,2.38M,2.43M,2.49M,2.55M,2.58M,2.59M,2.6M,2.59M,2.6M,2.61M,2.64M,2.67M,2.7M,2.72M,2.72M,2.75M,2.77M,2.79M,2.82M,2.97M,3.01M,3.05M,3.09M,3.14M,3.2M,3.24M,3.28M,3.3M,3.32M,3.34M,3.4M,3.47M,3.53M,3.57M,3.62M,3.65M,3.68M,3.71M,3.75M,3.77M,3.8M,3.83M,3.9M,3.98M,4.07M,4.16M,4.24M,4.31M,4.41M,4.44M,4.45M,4.54M
Oman,88k,95.5k,104k,113k,122k,133k,144k,156k,169k,184k,199k,216k,233k,253k,275k,301k,330k,363k,399k,440k,484k,532k,585k,642k,703k,772k,851k,932k,1.02M,1.1M,1.19M,1.28M,1.38M,1.47M,1.53M,1.56M,1.58M,1.61M,1.63M,1.66M,1.68M,1.7M,1.72M,1.74M,1.77M,1.82M,1.87M,1.92M,1.96M,2.01M,2.17M,2.44M,2.74M,3.01M,3.21M,3.41M,3.63M,3.8M,3.89M,3.93M,3.92M,3.93M,4.02M,4.11M
Pakistan,10.2M,10.6M,11M,11.3M,11.8M,12.2M,12.6M,13.1M,13.6M,14.2M,14.7M,15.3M,15.8M,16.5M,17.2M,17.9M,18.7M,19.6M,20.5M,21.5M,22.6M,23.9M,25.1M,26.3M,27.4M,28.5M,29.8M,31.1M,32.5M,33.9M,35.3M,36.7M,38M,39.3M,40.8M,42.4M,44M,45.7M,47.4M,49.1M,50.9M,52.8M,54.5M,56M,57.6M,59.3M,60.9M,62.6M,64.3M,66.1M,68.1M,69.9M,71.6M,73.1M,74.6M,76M,77.4M,78.9M,80.6M,82.4M,84.4M,86.6M,89M,91.5M
Panama,465k,486k,508k,532k,557k,582k,609k,636k,664k,693k,722k,747k,772k,798k,824k,851k,877k,904k,931k,959k,987k,1.02M,1.05M,1.08M,1.11M,1.15M,1.18M,1.21M,1.25M,1.28M,1.32M,1.37M,1.42M,1.47M,1.52M,1.58M,1.63M,1.69M,1.75M,1.81M,1.87M,1.91M,1.96M,2.01M,2.06M,2.11M,2.16M,2.21M,2.26M,2.31M,2.36M,2.41M,2.47M,2.52M,2.58M,2.64M,2.7M,2.76M,2.82M,2.88M,2.94M,2.99M,3.05M,3.11M
Peru,4.76M,4.97M,5.24M,5.52M,5.81M,6.11M,6.43M,6.75M,7.09M,7.44M,7.79M,8.14M,8.51M,8.83M,9.16M,9.49M,9.83M,10.2M,10.5M,10.9M,11.3M,11.7M,12.1M,12.4M,12.8M,13.2M,13.6M,14M,14.4M,14.8M,15.2M,15.7M,16.1M,16.5M,16.9M,17.3M,17.8M,18.2M,18.6M,19.1M,19.5M,19.8M,20.2M,20.5M,20.8M,21.1M,21.4M,21.7M,21.9M,22.1M,22.3M,22.6M,22.8M,23.1M,23.4M,23.8M,24.1M,24.6M,25.1M,25.6M,26.1M,26.5M,26.8M,27.1M
Philippines,8.63M,8.97M,9.3M,9.65M,10M,10.4M,10.7M,11.1M,11.5M,11.9M,12.3M,12.9M,13.4M,14M,14.5M,15.1M,15.6M,16.2M,16.8M,17.4M,18.1M,19.1M,20M,21M,22.1M,23.2M,24.2M,25.4M,26.5M,27.8M,28.9M,29.6M,30.2M,30.9M,31.6M,32.2M,33M,33.7M,34.5M,35.2M,36M,36.7M,37.4M,38.1M,38.7M,39.4M,40.1M,40.8M,41.5M,42.2M,42.9M,43.9M,44.8M,45.8M,46.7M,47.7M,48.7M,49.8M,50.9M,52M,53.2M,54.3M,55.4M,56.7M
Palau,5370,5510,5660,5810,5980,6160,6330,6470,6550,6630,6790,7040,7340,7600,7710,7710,7700,7690,7680,7660,7660,7850,8160,8490,8830,9190,9540,9810,10.1k,10.4k,10.6k,10.9k,11.3k,11.6k,11.9k,12.3k,12.6k,13k,13.4k,13.7k,13.9k,13.9k,13.9k,13.8k,14k,14.1k,14.1k,14.1k,14k,14k,13.9k,13.8k,13.7k,13.7k,13.8k,13.9k,14k,14.2k,14.3k,14.4k,14.6k,14.7k,14.8k,14.9k
Papua New Guinea,74k,81.9k,90.5k,99.9k,110k,122k,134k,156k,181k,210k,244k,282k,295k,307k,320k,333k,347k,361k,375k,390k,405k,420k,434k,450k,466k,483k,500k,518k,537k,557k,580k,591k,605k,620k,635k,650k,665k,681k,696k,712k,727k,751k,776k,801k,826k,852k,878k,905k,932k,959k,987k,1.01M,1.04M,1.07M,1.1M,1.13M,1.16M,1.19M,1.23M,1.26M,1.3M,1.34M,1.38M,1.42M
Poland,14.2M,14.5M,14.8M,15.1M,15.5M,15.8M,16M,16.3M,16.6M,16.8M,17M,17.3M,17.6M,18M,18.4M,18.8M,19.2M,19.6M,20M,20.3M,20.7M,21M,21.3M,21.7M,22M,22.3M,22.6M,22.9M,23.1M,23.2M,23.4M,23.5M,23.5M,23.6M,23.7M,23.7M,23.8M,23.8M,23.8M,23.8M,23.6M,23.6M,23.6M,23.6M,23.5M,23.5M,23.4M,23.3M,23.3M,23.3M,23.2M,23.1M,23.1M,23M,23M,22.9M,22.8M,22.8M,22.8M,22.8M,22.8M,22.7M,22.1M,22.1M
Puerto Rico,1.05M,1.1M,1.16M,1.22M,1.28M,1.34M,1.39M,1.44M,1.48M,1.53M,1.59M,1.64M,1.69M,1.76M,1.82M,1.88M,1.94M,1.99M,2.04M,2.1M,2.17M,2.33M,2.47M,2.61M,2.73M,2.85M,2.95M,3.05M,3.14M,3.22M,3.29M,3.32M,3.34M,3.38M,3.41M,3.45M,3.5M,3.53M,3.56M,3.58M,3.6M,3.6M,3.6M,3.61M,3.6M,3.6M,3.58M,3.56M,3.53M,3.51M,3.49M,3.45M,3.41M,3.37M,3.31M,3.25M,3.19M,3.11M,2.99M,2.99M,3.07M,3.05M,3.01M,3M
North Korea,4.68M,4.91M,5.13M,5.38M,5.64M,5.91M,6.2M,6.51M,6.97M,7.54M,8.13M,8.41M,8.7M,8.98M,9.24M,9.48M,9.64M,9.78M,9.93M,10.1M,10.2M,10.4M,10.6M,10.8M,11M,11.1M,11.3M,11.5M,11.7M,11.9M,12.1M,12.4M,12.6M,12.8M,13M,13.2M,13.4M,13.5M,13.6M,13.8M,13.9M,14M,14.1M,14.2M,14.3M,14.4M,14.5M,14.6M,14.7M,14.8M,14.9M,15M,15.1M,15.2M,15.4M,15.5M,15.6M,15.7M,15.9M,16M,16.1M,16.3M,16.4M,16.5M
Portugal,3.1M,3.16M,3.21M,3.26M,3.3M,3.32M,3.33M,3.34M,3.36M,3.36M,3.37M,3.39M,3.42M,3.45M,3.54M,3.71M,3.85M,3.93M,4.01M,4.09M,4.18M,4.26M,4.34M,4.41M,4.48M,4.54M,4.6M,4.65M,4.7M,4.74M,4.78M,4.83M,4.89M,4.96M,5.04M,5.12M,5.21M,5.3M,5.39M,5.49M,5.6M,5.7M,5.8M,5.89M,5.97M,6.04M,6.12M,6.19M,6.27M,6.34M,6.4M,6.46M,6.49M,6.52M,6.55M,6.58M,6.62M,6.66M,6.71M,6.76M,6.83M,6.93M,7.01M,7.15M
Paraguay,674k,692k,712k,732k,754k,777k,799k,822k,846k,869k,893k,917k,943k,979k,1.02M,1.06M,1.1M,1.14M,1.19M,1.23M,1.28M,1.34M,1.39M,1.45M,1.52M,1.59M,1.66M,1.74M,1.81M,1.89M,1.98M,2.06M,2.15M,2.23M,2.31M,2.4M,2.49M,2.57M,2.66M,2.75M,2.84M,2.92M,2.99M,3.05M,3.1M,3.16M,3.21M,3.26M,3.31M,3.36M,3.42M,3.48M,3.55M,3.62M,3.68M,3.75M,3.82M,3.9M,3.97M,4.04M,4.12M,4.19M,4.26M,4.33M
Palestine,,,,,,,,,,,,,,,,,,,,,,,,,,,,,,,1.34M,1.41M,1.49M,1.57M,1.65M,1.74M,1.83M,1.93M,1.99M,2.04M,2.1M,2.16M,2.23M,2.29M,2.36M,2.43M,2.5M,2.57M,2.65M,2.73M,2.81M,2.89M,2.97M,3.05M,3.13M,3.22M,3.3M,3.38M,3.48M,3.58M,3.69M,3.79M,3.9M,4.01M
French Polynesia,35.9k,37.6k,39.4k,41.7k,44.5k,47.5k,50.7k,54k,57.5k,61.2k,65k,68.6k,71.7k,74.9k,78.2k,81.5k,84.8k,88.2k,90.9k,93.6k,96.5k,99.6k,103k,105k,108k,110k,112k,115k,118k,120k,122k,124k,126k,128k,130k,131k,133k,135k,137k,139k,141k,143k,145k,148k,152k,156k,159k,163k,166k,169k,171k,174k,176k,177k,179k,180k,181k,183k,184k,186k,187k,189k,190k,192k
Qatar,31k,34.4k,38.9k,44.1k,49.9k,56.4k,63.8k,72.3k,81.7k,92.1k,104k,118k,132k,145k,159k,173k,188k,202k,217k,232k,248k,264k,280k,297k,313k,330k,346k,362k,378k,394k,410k,426k,442k,458k,474k,489k,505k,527k,557k,589k,622k,655k,690k,725k,755k,827k,991k,1.21M,1.42M,1.58M,1.69M,1.78M,1.88M,2.01M,2.19M,2.39M,2.57M,2.69M,2.74M,2.78M,2.74M,2.67M,2.68M,2.7M
Romania,6.3M,6.47M,6.65M,6.82M,7M,7.17M,7.37M,7.59M,7.79M,7.97M,8.16M,8.35M,8.54M,8.71M,8.9M,9.12M,9.34M,9.56M,9.8M,10M,10.2M,10.5M,10.7M,10.9M,11.1M,11.3M,11.5M,11.7M,11.9M,12.2M,12.3M,12.4M,12.4M,12.3M,12.3M,12.2M,12.1M,12.1M,12M,11.9M,11.9M,11.7M,11.5M,11.4M,11.4M,11.3M,11.3M,11.2M,11M,10.9M,10.9M,10.9M,10.8M,10.8M,10.7M,10.7M,10.6M,10.6M,10.5M,10.5M,10.4M,10.4M,10.4M,10.4M
Russia,64.4M,66.2M,68.1M,69.9M,71.8M,73.7M,75.3M,76.8M,78.4M,79.9M,81.5M,83M,84.5M,86.1M,87.6M,89.1M,90.8M,92.5M,94.2M,95.7M,97M,98.2M,99.5M,101M,102M,103M,105M,106M,107M,108M,109M,109M,109M,109M,109M,109M,109M,109M,108M,108M,108M,107M,107M,106M,106M,105M,105M,105M,105M,105M,105M,105M,106M,106M,107M,107M,108M,108M,108M,108M,109M,108M,108M,108M
Rwanda,77.1k,80.9k,84.6k,88.3k,92.2k,96.5k,101k,107k,112k,118k,124k,134k,144k,156k,168k,181k,194k,209k,225k,236k,248k,260k,274k,288k,302k,317k,333k,350k,366k,382k,396k,411k,481k,578k,572k,559k,764k,956k,1.05M,1.13M,1.21M,1.3M,1.4M,1.45M,1.49M,1.53M,1.57M,1.61M,1.66M,1.7M,1.75M,1.79M,1.84M,1.88M,1.93M,1.98M,2.03M,2.09M,2.16M,2.22M,2.29M,2.36M,2.44M,2.52M
Saudi Arabia,1.3M,1.39M,1.49M,1.62M,1.77M,1.93M,2.11M,2.3M,2.5M,2.73M,2.97M,3.24M,3.54M,3.88M,4.24M,4.61M,4.98M,5.38M,5.8M,6.24M,6.7M,7.18M,7.69M,8.23M,8.78M,9.36M,9.96M,10.5M,11.1M,11.7M,12.3M,12.9M,13.5M,14M,14.4M,14.9M,15.3M,15.8M,16.3M,16.7M,17.2M,17.7M,18.2M,18.6M,19.1M,19.8M,20.6M,21.5M,22.4M,23.3M,24.1M,24.8M,25.4M,26M,26.7M,27.2M,27.9M,28.6M,29.4M,30.1M,30.3M,30.4M,30.8M,31.4M
Sudan,895k,963k,1.04M,1.12M,1.2M,1.3M,1.4M,1.5M,1.62M,1.74M,1.87M,2.01M,2.16M,2.31M,2.43M,2.56M,2.69M,2.84M,2.99M,3.15M,3.33M,3.51M,3.69M,3.92M,4.2M,4.48M,4.77M,5.08M,5.37M,5.68M,6.03M,6.4M,6.77M,7.12M,7.31M,7.51M,7.7M,7.91M,8.11M,8.32M,8.55M,8.77M,8.99M,9.2M,9.43M,9.68M,9.95M,10.3M,10.6M,10.9M,11.2M,11.4M,11.7M,12.1M,12.5M,12.9M,13.4M,14M,14.5M,15.1M,15.7M,16.3M,16.9M,17.5M
Senegal,753k,796k,842k,890k,940k,994k,1.05M,1.11M,1.17M,1.24M,1.31M,1.38M,1.46M,1.54M,1.62M,1.7M,1.78M,1.84M,1.91M,1.97M,2.04M,2.11M,2.19M,2.27M,2.36M,2.45M,2.54M,2.64M,2.75M,2.84M,2.93M,3.03M,3.12M,3.22M,3.32M,3.42M,3.52M,3.61M,3.71M,3.81M,3.91M,4.02M,4.13M,4.27M,4.42M,4.58M,4.74M,4.92M,5.1M,5.29M,5.48M,5.69M,5.9M,6.12M,6.35M,6.58M,6.83M,7.08M,7.35M,7.62M,7.91M,8.2M,8.5M,8.81M
Singapore,1.65M,1.7M,1.75M,1.79M,1.84M,1.89M,1.93M,1.98M,2.01M,2.04M,2.07M,2.11M,2.15M,2.19M,2.23M,2.26M,2.29M,2.33M,2.35M,2.38M,2.41M,2.53M,2.65M,2.68M,2.73M,2.74M,2.73M,2.77M,2.85M,2.93M,3.05M,3.14M,3.23M,3.31M,3.42M,3.52M,3.67M,3.8M,3.93M,3.96M,4.03M,4.14M,4.18M,4.11M,4.17M,4.27M,4.4M,4.59M,4.84M,4.99M,5.08M,5.18M,5.31M,5.4M,5.47M,5.54M,5.61M,5.61M,5.64M,5.7M,5.69M,5.45M,5.64M,5.92M
Solomon Islands,7700,8260,8870,9520,10.2k,11k,11.8k,12.7k,13.6k,14.6k,15.4k,15.9k,16.4k,16.9k,17.5k,18.1k,18.9k,20.2k,21.6k,23.1k,24.7k,26.4k,28.2k,30.2k,32.3k,34.5k,36.8k,38.8k,40.6k,42.4k,44.3k,46.3k,48.4k,50.5k,52.7k,55k,57.4k,59.9k,62.4k,65k,68k,71.3k,74.8k,78.4k,82.2k,86k,90.1k,94.3k,98.8k,103k,108k,114k,119k,125k,131k,137k,143k,150k,157k,163k,171k,178k,185k,193k
Sierra Leone,399k,419k,440k,463k,487k,514k,541k,570k,601k,633k,666k,701k,737k,774k,814k,847k,876k,906k,937k,970k,1M,1.04M,1.08M,1.12M,1.16M,1.2M,1.24M,1.29M,1.33M,1.37M,1.44M,1.47M,1.45M,1.46M,1.48M,1.49M,1.51M,1.54M,1.56M,1.58M,1.63M,1.74M,1.86M,1.95M,2.02M,2.1M,2.17M,2.24M,2.32M,2.41M,2.5M,2.6M,2.69M,2.79M,2.89M,2.99M,3.09M,3.2M,3.31M,3.42M,3.53M,3.65M,3.77M,3.89M
El Salvador,1.07M,1.1M,1.13M,1.17M,1.2M,1.24M,1.27M,1.31M,1.35M,1.39M,1.43M,1.47M,1.52M,1.58M,1.64M,1.69M,1.75M,1.81M,1.87M,1.93M,1.99M,2.03M,2.08M,2.14M,2.21M,2.28M,2.35M,2.42M,2.49M,2.57M,2.64M,2.72M,2.79M,2.9M,3M,3.1M,3.2M,3.3M,3.4M,3.46M,3.51M,3.56M,3.61M,3.65M,3.69M,3.72M,3.75M,3.79M,3.86M,3.93M,4M,4.07M,4.14M,4.21M,4.28M,4.34M,4.41M,4.47M,4.52M,4.57M,4.62M,4.68M,4.74M,4.8M
San Marino,7610,7950,8300,8660,9020,9400,9760,10.1k,10.5k,10.8k,10.9k,11.3k,12k,12.7k,13.5k,14.2k,14.8k,15.5k,16.1k,16.8k,17.3k,17.9k,18.4k,18.9k,19.2k,19.6k,20k,20.3k,20.4k,20.6k,20.9k,21.2k,21.5k,22k,22.4k,22.8k,23.2k,23.7k,24.1k,24.6k,25.1k,25.6k,26.3k,26.9k,27.4k,27.9k,28.4k,28.9k,29.2k,29.7k,30.3k,31.2k,31.9k,32.1k,32.2k,32.5k,32.8k,33.1k,33.2k,33.3k,33.2k,32.9k,32.9k,32.9k
Somalia,497k,525k,555k,587k,619k,652k,687k,723k,762k,802k,844k,888k,934k,983k,1.03M,1.08M,1.12M,1.16M,1.25M,1.43M,1.58M,1.6M,1.62M,1.69M,1.77M,1.86M,1.96M,2.05M,2.07M,2.06M,2.08M,2.02M,1.95M,2.03M,2.16M,2.27M,2.38M,2.49M,2.62M,2.76M,2.9M,3.05M,3.2M,3.39M,3.59M,3.8M,4M,3.83M,4.12M,4.42M,4.73M,5.01M,5.17M,5.41M,5.68M,5.95M,6.26M,6.6M,6.93M,7.28M,7.63M,7.97M,8.33M,8.69M
Serbia,1.92M,2M,2.08M,2.16M,2.24M,2.32M,2.41M,2.5M,2.59M,2.68M,2.77M,2.86M,2.92M,2.97M,3.03M,3.09M,3.15M,3.22M,3.28M,3.34M,3.4M,3.46M,3.51M,3.55M,3.59M,3.63M,3.67M,3.72M,3.75M,3.79M,3.82M,3.86M,3.9M,3.94M,3.98M,3.94M,3.95M,3.96M,3.96M,3.96M,3.97M,3.98M,3.99M,4M,4M,4.01M,4.01M,4.01M,4.01M,4.01M,4.01M,3.99M,3.99M,3.97M,3.96M,3.95M,3.94M,3.93M,3.92M,3.91M,3.89M,3.87M,3.79M,3.78M
South Sudan,254k,258k,261k,265k,269k,273k,276k,279k,282k,285k,289k,293k,298k,305k,312k,319k,326k,334k,341k,349k,357k,365k,374k,392k,426k,463k,504k,544k,568k,589k,631k,685k,739k,784k,810k,842k,869k,901k,926k,958k,1.01M,1.06M,1.12M,1.18M,1.25M,1.31M,1.39M,1.47M,1.55M,1.63M,1.73M,1.85M,1.95M,2.05M,2.09M,2.11M,2.11M,2.06M,2.04M,2.08M,2.14M,2.2M,2.27M,2.35M
Sao Tome and Principe,10.9k,11.5k,12.5k,13.5k,14.5k,15.7k,16.9k,18.2k,19.6k,21.2k,22.9k,23.9k,24.7k,25.5k,26.3k,27.2k,28.2k,29.2k,30.3k,31.5k,32.5k,33.6k,35.1k,36.8k,38.6k,40.6k,42.7k,44.9k,47.4k,49.9k,52.5k,55.1k,57.5k,59.9k,62.3k,64.7k,67.2k,69.6k,72k,74.4k,76.8k,79.5k,83.2k,87.3k,91.4k,95.7k,100k,104k,109k,114k,118k,123k,128k,132k,137k,141k,145k,150k,154k,158k,163k,167k,172k,177k
Suriname,127k,131k,136k,142k,147k,151k,156k,160k,165k,170k,175k,179k,186k,195k,203k,211k,218k,225k,231k,237k,244k,244k,246k,247k,250k,253k,257k,260k,264k,268k,271k,274k,276k,278k,282k,287k,294k,300k,306k,312k,318k,324k,330k,336k,341k,344k,348k,351k,355k,359k,362k,366k,370k,373k,376k,380k,384k,388k,392k,397k,402k,406k,410k,414k
Slovak Republic,1.36M,1.42M,1.47M,1.52M,1.57M,1.62M,1.67M,1.72M,1.77M,1.82M,1.86M,1.91M,1.98M,2.05M,2.12M,2.19M,2.27M,2.34M,2.42M,2.5M,2.57M,2.62M,2.67M,2.71M,2.75M,2.8M,2.84M,2.88M,2.92M,2.96M,2.99M,3.01M,3.01M,3.02M,3.03M,3.03M,3.03M,3.04M,3.04M,3.04M,3.03M,3.02M,3.01M,3M,2.99M,2.99M,2.98M,2.97M,2.96M,2.96M,2.95M,2.94M,2.94M,2.93M,2.93M,2.92M,2.92M,2.92M,2.93M,2.93M,2.93M,2.93M,2.93M,2.93M
Slovenia,447k,464k,480k,498k,516k,536k,557k,579k,599k,618k,638k,660k,684k,709k,733k,760k,792k,822k,852k,883k,913k,933k,938k,947k,955k,963k,978k,993k,999k,1M,1.01M,1.01M,1.01M,1.01M,1.01M,1.01M,1.01M,1.01M,1M,1.01M,1.01M,1.01M,1.01M,1.02M,1.02M,1.03M,1.04M,1.05M,1.06M,1.07M,1.08M,1.09M,1.09M,1.1M,1.1M,1.11M,1.12M,1.12M,1.13M,1.14M,1.16M,1.17M,1.18M,1.19M
Sweden,5.43M,5.51M,5.62M,5.72M,5.83M,5.96M,6.08M,6.19M,6.29M,6.4M,6.52M,6.61M,6.65M,6.69M,6.73M,6.78M,6.81M,6.84M,6.86M,6.89M,6.9M,6.91M,6.92M,6.92M,6.93M,6.94M,6.96M,6.98M,7.01M,7.06M,7.11M,7.17M,7.23M,7.28M,7.35M,7.4M,7.42M,7.43M,7.43M,7.44M,7.45M,7.48M,7.51M,7.54M,7.58M,7.61M,7.67M,7.74M,7.81M,7.89M,7.98M,8.06M,8.15M,8.25M,8.36M,8.48M,8.62M,8.76M,8.9M,9.02M,9.11M,9.19M,9.28M,9.35M
Eswatini,13.5k,15.3k,17.3k,19.6k,22.2k,25.2k,28.5k,31.7k,35.1k,38.8k,43k,47.6k,52.7k,58.3k,64.5k,71.4k,79k,83.9k,88.5k,93.4k,98.6k,104k,109k,115k,121k,128k,136k,144k,154k,164k,173k,183k,194k,204k,208k,213k,221k,229k,231k,232k,234k,235k,236k,236k,236k,236k,236k,237k,240k,244k,247k,251k,254k,257k,261k,264k,268k,272k,276k,280k,285k,291k,295k,300k
Sint Maarten (Dutch part),2650,2890,3170,3480,3810,4160,4530,4930,5350,5800,6260,6740,7230,7750,8310,8910,9520,10.2k,10.8k,11.5k,12.2k,13.1k,14.4k,15.9k,17.5k,19.1k,20.7k,22.4k,24.1k,26k,27.8k,29.8k,31.3k,31.8k,31.7k,31.6k,31.4k,31.2k,31.2k,31.1k,30.5k,30.6k,30.8k,31.5k,32.5k,33k,33.4k,33.8k,34k,34.2k,34.1k,33.4k,34.6k,36.6k,37.7k,38.8k,39k,38.6k,38.9k,39.6k,40.4k,40.7k,40.9k,41.2k
Seychelles,11.5k,12.3k,13.1k,13.9k,14.8k,15.7k,16.7k,17.7k,18.7k,19.8k,20.9k,22.1k,23.4k,24.6k,25.9k,27.4k,28.9k,30.4k,30.7k,31k,31.2k,31.6k,31.8k,31.7k,31.9k,32.2k,32.4k,33.7k,33.9k,34.1k,34.2k,34.7k,34.9k,35.7k,36.8k,37.4k,38k,38.6k,39.5k,40.4k,40.9k,41.1k,42.6k,42.3k,42.4k,42.8k,44k,44.5k,45.8k,46.2k,47.9k,47k,47.8k,49.1k,50.2k,51.8k,52.9k,53.9k,54.9k,55.8k,56.7k,57.5k,70k,70.5k
Syria,1.7M,1.78M,1.86M,1.95M,2.05M,2.15M,2.25M,2.37M,2.48M,2.61M,2.74M,2.86M,2.98M,3.11M,3.24M,3.38M,3.52M,3.67M,3.83M,3.99M,4.16M,4.33M,4.5M,4.67M,4.86M,5.05M,5.25M,5.45M,5.66M,5.86M,6.07M,6.28M,6.49M,6.71M,6.93M,7.17M,7.42M,7.68M,7.94M,8.2M,8.47M,8.75M,9.04M,9.34M,9.66M,9.99M,10.5M,11.3M,11.8M,12.1M,12.4M,12.4M,12.1M,11.3M,10.3M,10M,10M,10.2M,10.5M,11M,11.5M,12M,12.6M,13.3M
Turks and Caicos Islands,2670,2700,2720,2740,2770,2790,2810,2840,2860,2880,2900,2960,3060,3170,3290,3420,3560,3710,3860,4010,4200,4560,4970,5380,5820,6270,6730,7200,7680,8160,8710,9310,9980,10.7k,11.4k,12.1k,12.8k,13.5k,14.3k,15.1k,15.8k,16.7k,17.7k,18.8k,19.9k,21.1k,22.2k,23.3k,24.5k,25.7k,26.8k,27.9k,29.2k,30.7k,32.1k,33.7k,35.4k,37k,38.6k,40.2k,41.4k,42.3k,43k,43.4k
Chad,203k,215k,228k,242k,258k,280k,305k,331k,360k,391k,424k,461k,501k,543k,588k,636k,686k,738k,794k,819k,828k,837k,887k,942k,963k,983k,1.02M,1.07M,1.12M,1.17M,1.21M,1.27M,1.34M,1.38M,1.41M,1.48M,1.55M,1.6M,1.66M,1.72M,1.79M,1.85M,1.92M,2M,2.09M,2.18M,2.26M,2.34M,2.43M,2.52M,2.62M,2.72M,2.82M,2.94M,3.06M,3.18M,3.31M,3.45M,3.6M,3.75M,3.91M,4.09M,4.26M,4.45M
Togo,167k,184k,202k,222k,245k,272k,304k,340k,381k,426k,468k,490k,511k,532k,554k,575k,598k,621k,645k,671k,700k,732k,768k,806k,846k,886k,927k,970k,1.01M,1.06M,1.11M,1.16M,1.21M,1.22M,1.24M,1.31M,1.38M,1.45M,1.51M,1.58M,1.65M,1.72M,1.79M,1.86M,1.93M,2.01M,2.09M,2.18M,2.28M,2.37M,2.47M,2.57M,2.67M,2.78M,2.88M,3M,3.11M,3.23M,3.36M,3.48M,3.61M,3.75M,3.89M,4.03M
Thailand,5.23M,5.42M,5.62M,5.82M,6.04M,6.26M,6.48M,6.71M,6.95M,7.19M,7.48M,7.89M,8.33M,8.78M,9.24M,9.72M,10.2M,10.7M,11.2M,11.7M,12.3M,12.6M,13M,13.4M,13.8M,14.2M,14.6M,15M,15.4M,15.8M,16.3M,16.6M,16.9M,17.3M,17.6M,18M,18.3M,18.7M,19M,19.3M,19.8M,20.7M,21.7M,22.6M,23.6M,24.6M,25.6M,26.7M,27.8M,28.8M,29.9M,30.7M,31.4M,32.1M,32.8M,33.5M,34.2M,34.9M,35.5M,36.1M,36.8M,37.3M,37.9M,38.5M
Tajikistan,707k,741k,777k,814k,852k,892k,934k,976k,1.02M,1.07M,1.1M,1.13M,1.16M,1.18M,1.21M,1.24M,1.27M,1.3M,1.33M,1.36M,1.39M,1.42M,1.45M,1.48M,1.51M,1.55M,1.58M,1.62M,1.66M,1.7M,1.72M,1.73M,1.73M,1.71M,1.71M,1.71M,1.71M,1.7M,1.68M,1.66M,1.66M,1.7M,1.73M,1.77M,1.8M,1.84M,1.87M,1.91M,1.94M,1.98M,2.02M,2.06M,2.11M,2.16M,2.22M,2.28M,2.34M,2.41M,2.48M,2.55M,2.62M,2.7M,2.78M,2.86M
Turkmenistan,744k,772k,802k,832k,863k,894k,926k,957k,989k,1.02M,1.05M,1.08M,1.11M,1.14M,1.17M,1.2M,1.23M,1.26M,1.29M,1.32M,1.35M,1.37M,1.4M,1.43M,1.46M,1.49M,1.53M,1.56M,1.6M,1.64M,1.68M,1.72M,1.76M,1.81M,1.85M,1.89M,1.94M,1.97M,2.01M,2.06M,2.1M,2.14M,2.18M,2.22M,2.26M,2.3M,2.34M,2.39M,2.44M,2.5M,2.55M,2.62M,2.68M,2.75M,2.83M,2.9M,2.98M,3.05M,3.13M,3.21M,3.28M,3.36M,3.44M,3.52M
Timor-Leste,47.3k,48.7k,50.8k,53k,55.2k,57.6k,60.1k,62.7k,65.5k,68.4k,71.4k,74.5k,77.8k,81.1k,84.3k,87.6k,91.2k,94.9k,98.6k,102k,106k,110k,113k,117k,122k,127k,132k,138k,144k,151k,158k,164k,169k,174k,179k,185k,190k,196k,202k,207k,213k,220k,227k,235k,243k,252k,262k,272k,282k,292k,302k,313k,323k,334k,345k,356k,366k,376k,386k,396k,407k,419k,430k,442k
Tonga,11.8k,12.4k,13.1k,13.7k,14.4k,15.1k,15.9k,16.4k,16.8k,17.1k,17.5k,17.8k,18.1k,18.4k,18.7k,19k,19.3k,19.7k,19.9k,20.2k,20.5k,20.7k,20.9k,21.2k,21.4k,21.6k,21.8k,22k,22.2k,22.3k,22.4k,22.5k,22.6k,22.7k,22.8k,22.9k,22.9k,23.1k,23.3k,23.4k,23.6k,23.8k,23.9k,24.1k,24.3k,24.5k,24.6k,24.8k,24.9k,25k,25.1k,25.2k,25.2k,25k,24.9k,24.7k,24.5k,24.4k,24.3k,24.3k,24.3k,24.5k,24.7k,25k
Trinidad and Tobago,289k,303k,316k,330k,344k,357k,371k,385k,399k,412k,426k,440k,455k,470k,486k,503k,519k,536k,554k,572k,590k,600k,609k,619k,628k,638k,649k,660k,669k,678k,685k,693k,700k,707k,714k,720k,725k,730k,735k,740k,745k,746k,747k,749k,751k,753k,754k,756k,758k,760k,762k,764k,768k,771k,775k,779k,782k,787k,800k,808k,808k,813k,817k,820k
Tunisia,1.57M,1.61M,1.64M,1.68M,1.72M,1.77M,1.83M,1.91M,2M,2.1M,2.19M,2.3M,2.4M,2.51M,2.63M,2.75M,2.86M,2.97M,3.09M,3.21M,3.33M,3.45M,3.58M,3.71M,3.86M,4.03M,4.2M,4.37M,4.54M,4.72M,4.89M,5.07M,5.24M,5.42M,5.58M,5.71M,5.83M,5.95M,6.06M,6.17M,6.28M,6.38M,6.48M,6.58M,6.68M,6.78M,6.87M,6.96M,7.06M,7.16M,7.26M,7.38M,7.51M,7.63M,7.75M,7.87M,7.99M,8.11M,8.23M,8.34M,8.46M,8.57M,8.68M,8.79M
Turkey,8.67M,9.06M,9.46M,9.88M,10.3M,10.7M,11.2M,11.8M,12.4M,13M,13.6M,14.2M,14.7M,15.3M,15.9M,16.5M,17M,17.6M,18.2M,18.7M,19.3M,20.3M,21.6M,23M,24.4M,25.8M,27.1M,28.3M,29.6M,30.9M,32.2M,33.2M,34.1M,35M,35.9M,36.8M,37.8M,38.7M,39.7M,40.6M,41.5M,42.5M,43.5M,44.5M,45.6M,46.6M,47.6M,48.4M,49.5M,50.6M,51.8M,53M,54.1M,55.2M,56.4M,57.6M,58.8M,59.9M,61.2M,62.5M,63.5M,64.4M,65.5M,66.1M
Tuvalu,859,894,931,968,1010,1040,1090,1140,1190,1240,1280,1330,1390,1440,1530,1640,1770,1910,2050,2190,2310,2420,2520,2630,2730,2850,3020,3190,3370,3550,3730,3930,4050,4110,4160,4220,4270,4310,4350,4400,4440,4470,4500,4610,4770,4930,5090,5250,5420,5600,5780,5970,6170,6310,6410,6500,6580,6660,6780,6930,7090,7260,7410,7550
Tanzania,527k,558k,590k,625k,662k,701k,743k,787k,867k,963k,1.07M,1.19M,1.32M,1.47M,1.63M,1.81M,2.01M,2.23M,2.47M,2.64M,2.81M,2.98M,3.16M,3.36M,3.56M,3.78M,4.02M,4.27M,4.53M,4.74M,4.95M,5.17M,5.39M,5.66M,5.98M,6.28M,6.5M,6.75M,7.04M,7.35M,7.69M,8.03M,8.38M,8.81M,9.29M,9.8M,10.3M,10.9M,11.5M,12.1M,12.7M,13.4M,14.1M,14.9M,15.7M,16.6M,17.6M,18.6M,19.6M,20.7M,21.7M,22.9M,24M,25.2M
Uganda,336k,362k,389k,419k,452k,486k,524k,565k,609k,657k,688k,715k,742k,768k,796k,826k,857k,890k,924k,957k,1M,1.06M,1.13M,1.21M,1.29M,1.38M,1.47M,1.58M,1.69M,1.82M,1.95M,2.08M,2.22M,2.36M,2.51M,2.66M,2.81M,2.97M,3.15M,3.35M,3.55M,3.76M,3.99M,4.23M,4.48M,4.74M,5.01M,5.3M,5.61M,5.93M,6.27M,6.63M,7M,7.39M,7.81M,8.27M,8.77M,9.31M,9.87M,10.5M,11.1M,11.7M,12.4M,13M
Ukraine,20M,20.6M,21.2M,21.8M,22.4M,23M,23.6M,24.2M,24.8M,25.4M,25.9M,26.4M,27M,27.5M,28M,28.5M,29M,29.5M,29.9M,30.4M,30.8M,31.3M,31.7M,32.1M,32.5M,32.9M,33.3M,33.8M,34.2M,34.5M,34.6M,34.7M,34.9M,34.9M,34.7M,34.5M,34.2M,33.9M,33.6M,33.3M,33M,32.7M,32.4M,32.2M,32.1M,31.9M,31.8M,31.7M,31.6M,31.5M,31.5M,31.4M,31.4M,31.3M,31.2M,31.2M,31.1M,31.1M,31M,30.9M,30.8M,30.6M,26.6M,25.9M
Uruguay,2.03M,2.06M,2.09M,2.12M,2.15M,2.18M,2.21M,2.23M,2.26M,2.28M,2.3M,2.32M,2.34M,2.35M,2.37M,2.39M,2.42M,2.45M,2.48M,2.5M,2.52M,2.54M,2.57M,2.59M,2.61M,2.64M,2.66M,2.69M,2.72M,2.75M,2.77M,2.8M,2.83M,2.85M,2.88M,2.9M,2.93M,2.96M,2.98M,3.01M,3.03M,3.05M,3.06M,3.07M,3.08M,3.1M,3.11M,3.12M,3.14M,3.15M,3.17M,3.18M,3.19M,3.21M,3.22M,3.23M,3.25M,3.26M,3.27M,3.27M,3.28M,3.28M,3.28M,3.28M
USA,126M,129M,132M,135M,137M,140M,142M,144M,146M,149M,151M,153M,155M,156M,157M,159M,161M,162M,164M,166M,168M,170M,172M,173M,175M,177M,179M,181M,183M,185M,188M,192M,195M,199M,202M,206M,209M,213M,216M,220M,223M,226M,228M,231M,234M,236M,239M,242M,245M,247M,250M,252M,255M,257M,259M,262M,264M,267M,269M,271M,274M,275M,277M,279M
Uzbekistan,2.84M,2.98M,3.12M,3.27M,3.42M,3.57M,3.73M,3.9M,4.06M,4.23M,4.41M,4.6M,4.79M,5M,5.21M,5.43M,5.66M,5.9M,6.14M,6.35M,6.5M,6.66M,6.82M,6.99M,7.17M,7.36M,7.56M,7.76M,7.97M,8.22M,8.48M,8.77M,9.07M,9.39M,9.68M,9.96M,10.3M,10.6M,10.9M,11.1M,11.4M,11.6M,11.9M,12.2M,12.4M,12.7M,13M,13.3M,13.6M,14M,14.6M,15M,15.2M,15.4M,15.6M,15.9M,16.1M,16.4M,16.6M,16.9M,17.3M,17.6M,18M,18.4M
St. Vincent and the Grenadines,21.8k,22.6k,23.4k,24.2k,25k,25.8k,26.7k,27.6k,28.4k,29.3k,30.2k,31.1k,32k,32.8k,33.7k,34.5k,35.3k,36.2k,37k,37.8k,38.6k,39.4k,40.3k,41.1k,42k,42.8k,43.6k,44.4k,45.1k,45.9k,46.6k,47.3k,47.9k,48.5k,49k,49.5k,50k,50.4k,50.8k,51.1k,51.4k,51.8k,52.1k,52.4k,52.5k,52.7k,52.8k,53k,53.1k,53.3k,53.5k,53.7k,53.8k,53.9k,54.1k,54.3k,54.4k,54.7k,55k,55.2k,55.5k,55.8k,56k,56.3k
Venezuela,5.03M,5.31M,5.6M,5.89M,6.19M,6.49M,6.81M,7.13M,7.47M,7.81M,8.16M,8.52M,8.87M,9.23M,9.61M,9.99M,10.4M,10.8M,11.2M,11.6M,12M,12.5M,12.9M,13.4M,13.8M,14.3M,14.7M,15.2M,15.7M,16.2M,16.6M,17.1M,17.6M,18.1M,18.5M,19M,19.5M,20M,20.4M,20.9M,21.4M,21.9M,22.3M,22.7M,23.1M,23.5M,23.8M,24.2M,24.6M,24.9M,25.3M,25.6M,26M,26.3M,26.6M,26.9M,27.1M,27M,26.3M,25.6M,25.2M,24.9M,25M,25.5M
British Virgin Islands,960,995,1030,1060,1100,1150,1200,1270,1350,1470,1590,1690,1760,1830,1920,2000,2090,2190,2290,2390,2530,2760,3020,3300,3600,3930,4270,4640,5030,5450,5910,6330,6530,6720,6930,7140,7370,7610,7870,8130,8400,8690,9010,9370,9750,10.2k,10.6k,11k,11.5k,12k,12.3k,12.6k,12.9k,13.1k,13.4k,13.7k,14k,14.2k,14.5k,14.7k,15k,15.2k,15.4k,15.7k
Virgin Islands (U.S.),18.4k,19.8k,20.7k,24.1k,25.3k,27.5k,29.8k,32.3k,37.4k,41.2k,44.2k,50.2k,54.9k,61.5k,66.7k,71.1k,73.4k,72k,75.1k,76.2k,79.9k,80.9k,81.9k,83k,84k,84.9k,85.7k,86.5k,87.2k,88k,91.2k,92.5k,93.9k,95.3k,96.5k,97.5k,98.3k,99k,99.6k,100k,101k,101k,101k,101k,101k,102k,102k,102k,102k,102k,102k,103k,103k,103k,103k,103k,103k,103k,102k,102k,102k,102k,101k,101k
Vietnam,4.81M,5.05M,5.31M,5.58M,5.86M,6.15M,6.44M,6.74M,7.04M,7.35M,7.67M,7.89M,8.12M,8.34M,8.58M,8.82M,9.09M,9.38M,9.67M,9.94M,10.2M,10.5M,10.8M,11.1M,11.4M,11.7M,12M,12.3M,12.6M,13M,13.6M,14.1M,14.7M,15.2M,15.8M,16.3M,16.9M,17.5M,18M,18.6M,19.3M,19.9M,20.6M,21.3M,22M,22.7M,23.4M,24.2M,24.9M,25.7M,26.6M,27.5M,28.4M,29.3M,30.2M,31.2M,32.1M,33.1M,34.1M,35.1M,36.1M,37.1M,38.1M,39M
Vanuatu,6720,7030,7360,7710,8070,8460,8870,9290,9750,10.2k,10.7k,11.3k,11.8k,12.4k,13k,13.7k,14.3k,15.1k,15.8k,16.6k,17.4k,18.3k,19.2k,20.2k,21.2k,22.3k,23.4k,24.6k,25.9k,27.1k,28.2k,29.4k,30.6k,31.8k,33.1k,34.4k,35.8k,37.1k,38.6k,40.1k,41.6k,43.3k,44.9k,46.7k,48.5k,50.3k,52.1k,54.1k,56.1k,58.2k,60k,61.7k,63.5k,65.3k,67.1k,69k,71k,73k,75.1k,77.3k,79.6k,81.9k,84.4k,86.9k
Samoa,21.4k,22.2k,22.9k,23.6k,24.3k,25.1k,25.8k,26.6k,27.4k,28.2k,29.1k,29.9k,30.6k,31.2k,31.8k,32.6k,33.3k,33.9k,34.2k,34.6k,34.9k,35.2k,35.4k,35.4k,35.4k,35.3k,35.3k,35.4k,35.5k,35.6k,35.7k,35.8k,36.1k,36.6k,37.1k,37.6k,38.2k,38.8k,39.3k,39.9k,40.4k,40.9k,40.9k,40.7k,40.4k,40k,39.7k,39.5k,39.4k,39.2k,39.1k,39k,38.9k,38.8k,38.6k,38.5k,38.4k,38.3k,38.3k,38.3k,38.4k,38.8k,39.2k,39.5k
Yemen,504k,534k,566k,599k,634k,672k,713k,757k,805k,855k,910k,955k,1M,1.05M,1.11M,1.17M,1.23M,1.29M,1.36M,1.44M,1.52M,1.61M,1.7M,1.8M,1.91M,2.03M,2.16M,2.3M,2.46M,2.62M,2.8M,2.99M,3.18M,3.39M,3.61M,3.83M,4.03M,4.23M,4.44M,4.66M,4.89M,5.13M,5.37M,5.62M,5.89M,6.17M,6.48M,6.8M,7.14M,7.5M,7.86M,8.24M,8.64M,9.06M,9.48M,9.92M,10.4M,10.8M,11.3M,11.8M,12.2M,12.7M,13.2M,13.7M
South Africa,7.7M,7.95M,8.21M,8.48M,8.77M,9.07M,9.37M,9.69M,10M,10.4M,10.7M,11M,11.4M,11.7M,12M,12.4M,12.8M,13.1M,13.5M,13.9M,14.3M,14.7M,15.1M,15.6M,16.1M,16.7M,17.4M,18.2M,19.1M,19.9M,20.8M,21.5M,22.1M,22.8M,23.4M,24M,24.5M,25.1M,25.6M,26.2M,26.6M,27.1M,27.6M,28.1M,28.6M,29.2M,29.7M,30.3M,30.9M,31.6M,32.2M,32.9M,33.6M,34.4M,35.2M,36.2M,36.9M,37.3M,38M,38.8M,39.6M,40.3M,40.9M,41.6M
Zambia,566k,610k,658k,711k,780k,855k,936k,1.02M,1.12M,1.22M,1.3M,1.37M,1.45M,1.54M,1.63M,1.72M,1.82M,1.93M,2.04M,2.16M,2.28M,2.35M,2.42M,2.5M,2.58M,2.65M,2.73M,2.81M,2.88M,2.96M,3.03M,3.07M,3.11M,3.15M,3.18M,3.22M,3.26M,3.3M,3.35M,3.39M,3.44M,3.57M,3.73M,3.9M,4.08M,4.27M,4.48M,4.7M,4.93M,5.18M,5.43M,5.69M,5.95M,6.23M,6.51M,6.81M,7.12M,7.43M,7.76M,8.1M,8.45M,8.8M,9.16M,9.53M
Zimbabwe,480k,503k,530k,567k,607k,650k,696k,745k,797k,851k,903k,958k,1.02M,1.08M,1.15M,1.21M,1.28M,1.35M,1.4M,1.45M,1.58M,1.72M,1.83M,1.95M,2.08M,2.21M,2.35M,2.49M,2.63M,2.78M,2.93M,3.09M,3.25M,3.34M,3.4M,3.49M,3.59M,3.7M,3.8M,3.91M,4M,4.07M,4.14M,4.16M,4.17M,4.17M,4.18M,4.2M,4.21M,4.23M,4.26M,4.3M,4.36M,4.43M,4.5M,4.58M,4.67M,4.76M,4.85M,4.95M,5.05M,5.17M,5.29M,5.42M
